사업장명,업종구분소분류,상세영업상태명,소재지전체주소,도로명전체주소,Reviews,stars,stars_vote_num,n_reviews,n_stars,소재지,법정동
앤,한식,영업,제주특별자치도 제주시 애월읍 하귀1리 1650-1번지 ,"제주특별자치도 제주시 애월읍 하귀12길 39, 1층",195,4.1,62,0,0.0,제주시,애월
카페포레스트,카페,영업,제주특별자치도 제주시 구좌읍 평대리 2876-11번지 ,"제주특별자치도 제주시 구좌읍 비자림로 2330, 1층",42,4.4,24,0,0.0,제주시,구좌
애월연어,일식,영업,제주특별자치도 제주시 애월읍 유수암리 2709-1 ,"제주특별자치도 제주시 애월읍 하소로 660, 1층",193,4.6,83,0,0.0,제주시,애월
옛날아우내순대,한식,영업,제주특별자치도 제주시 애월읍 하귀2리 2626번지 ,"제주특별자치도 제주시 애월읍 애월해안로 960, 1층",30,4.4,22,0,0.0,제주시,애월
협재술집김씨술생활,일식,영업,제주특별자치도 제주시 한림읍 협재리 1586번지 ,"제주특별자치도 제주시 한림읍 한림로 406, 2층",50,3.9,35,0,0.0,제주시,한림
환영키친앤게스트하우스,양식,영업,제주특별자치도 제주시 구좌읍 송당리 1358-1번지 ,"제주특별자치도 제주시 구좌읍 송당2길 2, 1층",45,4.7,23,0,0.0,제주시,구좌
포구횟집,일식,영업,제주특별자치도 제주시 애월읍 하귀2리 2727 ,제주특별자치도 제주시 애월읍 가문동길 43,95,3.7,20,0,0.0,제주시,애월
흑돼지촌,고기,영업,제주특별자치도 제주시 한림읍 동명리 1858 ,"제주특별자치도 제주시 한림읍 한림상로 62, 1층",95,4.8,263,0,0.0,제주시,한림
해변,해산물,영업,제주특별자치도 제주시 애월읍 애월리 410-6번지 ,제주특별자치도 제주시 애월읍 애월해안로 90,458,4.5,114,0,0.0,제주시,애월
교래손칼국수,한식,영업,제주특별자치도 제주시 조천읍 교래리 491 ,제주특별자치도 제주시 조천읍 비자림로 645,43,3.9,54,0,0.0,제주시,조천
해녀촌식당,한식,영업,제주특별자치도 제주시 구좌읍 동복리 1638-1 ,제주특별자치도 제주시 구좌읍 동복로 33,161,3.6,115,0,0.0,제주시,구좌
제주본,한식,영업,제주특별자치도 제주시 노형동 933-17번지 (송천1로74) ,"제주특별자치도 제주시 원노형남1길 31 (노형동,(송천1로74))",110,4.1,69,0,0.0,제주시,제주
장원삼계탕,한식,영업,제주특별자치도 제주시 조천읍 조천리 2345-6번지 ,제주특별자치도 제주시 조천읍 신북로 258,67,4.9,13,0,0.0,제주시,조천
해품돈연동,한식,영업,제주특별자치도 제주시 연동 274-6 ,"제주특별자치도 제주시 신광로 75, 1층 (연동)",83,4.0,4,0,0.0,제주시,제주
터미널남원,한식,영업,제주특별자치도 제주시 용담일동 2827-17번지 (남사1로14) ,"제주특별자치도 제주시 서광로3길 6 (용담일동,(남사1로14))",107,4.6,82,0,0.0,제주시,제주
이호,해산물,영업,제주특별자치도 제주시 이호일동 1667-1번지 ,제주특별자치도 제주시 테우해안로 174 (이호일동),45,4.3,10,0,0.0,제주시,제주
오이디오339,카페,영업,제주특별자치도 제주시 외도이동 339번지 ,"제주특별자치도 제주시 일주서로 7345, 1층 (외도이동)",323,4.4,106,0,0.0,제주시,제주
협재섬바다,한식,영업,제주특별자치도 제주시 한림읍 협재리 2765-5 ,"제주특별자치도 제주시 한림읍 금능남로 53, 1층",51,3.8,41,0,0.0,제주시,한림
곽지횟집,해산물,영업,제주특별자치도 제주시 애월읍 곽지리 1622-44 ,"제주특별자치도 제주시 애월읍 곽지9길 39, 1층",48,3.8,41,0,0.0,제주시,애월
파스토,경양식,영업,제주특별자치도 제주시 한림읍 귀덕리 3883번지 ,"제주특별자치도 제주시 한림읍 한림해안로 540, 2층",36,4.9,111,0,0.0,제주시,한림
애월1인식당,해산물,영업,제주특별자치도 제주시 애월읍 소길리 674-1번지 ,"제주특별자치도 제주시 애월읍 장소로 162, 1층",241,4.8,55,0,0.0,제주시,애월
금능샌드,경양식,영업,제주특별자치도 제주시 한림읍 금능리 1426-4번지 ,"제주특별자치도 제주시 한림읍 금능길 89, 1층",115,4.2,72,0,0.0,제주시,한림
스시앤,일식,영업,제주특별자치도 제주시 이도이동 1053-1 ,"제주특별자치도 제주시 고산동산5길 21-1, 105호 (이도이동)",32,4.4,20,0,0.0,제주시,제주
고사리식당,해산물,영업,제주특별자치도 제주시 조천읍 선흘리 1856-8 ,"제주특별자치도 제주시 조천읍 번영로 1680, 1층",43,4.4,68,0,0.0,제주시,조천
그때그집,한식,영업,제주특별자치도 제주시 애월읍 애월리 407-6 ,"제주특별자치도 제주시 애월읍 애월해안로 97, 1층",279,4.5,124,0,0.0,제주시,애월
바다를본돼지2호,한식,영업,제주특별자치도 제주시 노형동 1055-4 ,"제주특별자치도 제주시 정존15길 42, 1층 (노형동)",120,3.9,11,0,0.0,제주시,제주
제주섬신룽푸마라탕제주대,한식,영업,제주특별자치도 제주시 아라일동 368-63 ,"제주특별자치도 제주시 산천단동2길 24, 1층 (아라일동)",30,4.5,14,0,0.0,제주시,제주
라플라주,한식,영업,제주특별자치도 제주시 조천읍 함덕리 1004-10 ,"제주특별자치도 제주시 조천읍 조함해안로 525, 디동 1층",105,3.6,37,0,0.0,제주시,조천
참좋은해물라면애월,해산물,영업,제주특별자치도 제주시 애월읍 구엄리 599 ,"제주특별자치도 제주시 애월읍 애월해안로 724, 1층",41,4.5,128,0,0.0,제주시,애월
유수암식당,한식,영업,제주특별자치도 제주시 애월읍 유수암리 1928번지 ,제주특별자치도 제주시 애월읍 유수암로 2,193,4.6,83,0,0.0,제주시,애월
선인장,한식,영업,제주특별자치도 제주시 한림읍 월령리 368 ,"제주특별자치도 제주시 한림읍 월령안길 14-3, 1층",60,4.6,47,0,0.0,제주시,한림
함덕해장국,한식,영업,제주특별자치도 제주시 조천읍 함덕리 산 9-4 ,제주특별자치도 제주시 조천읍 신북로 650,46,4.8,41,0,0.0,제주시,조천
도남돼지,고기,영업,제주특별자치도 제주시 도남동 47번지 ,"제주특별자치도 제주시 신성로 36, 101호 (도남동)",48,4.9,21,0,0.0,제주시,제주
이매화지혜제주해물밥,한식,영업,제주특별자치도 제주시 외도이동 313-1 ,제주특별자치도 제주시 월대3길 14-6 (외도이동),98,3.5,35,0,0.0,제주시,제주
우도해녀식당,한식,영업,제주특별자치도 제주시 우도면 연평리 2308-3번지 ,"제주특별자치도 제주시 우도면 우도해안길 440, 나동 1층",212,3.5,39,0,0.0,제주시,우도
에코랜드,경양식,영업,제주특별자치도 제주시 조천읍 대흘리 1221-1번지 ,제주특별자치도 제주시 조천읍 번영로 1278-169,148,3.7,148,0,0.0,제주시,조천
크래커스,카페,영업,제주특별자치도 제주시 한경면 조수리 1363-1번지 ,"제주특별자치도 제주시 한경면 낙수로 1, 1층",34,4.8,16,0,0.0,제주시,한경
제주앞바다횟집,해산물,영업,제주특별자치도 제주시 용담일동 431번지 ,"제주특별자치도 제주시 동한두기길 29, 2층 (용담일동)",158,4.2,37,0,0.0,제주시,제주
한림정육식당,고기,영업,제주특별자치도 제주시 한림읍 한림리 1002 ,제주특별자치도 제주시 한림읍 한림상로 180,258,4.0,4,0,0.0,제주시,한림
까미노,카페,영업,제주특별자치도 제주시 애월읍 하가리 1400 ,"제주특별자치도 제주시 애월읍 고하상로 91-12, 1층",40,4.4,64,0,0.0,제주시,애월
우진해장국,한식,영업,제주특별자치도 제주시 삼도이동 831 ,"제주특별자치도 제주시 서사로 11, 1층 (삼도이동)",2118,3.7,829,0,0.0,제주시,제주
맥파이탭룸,카페,영업,제주특별자치도 제주시 회천동 1309 ,제주특별자치도 제주시 회천동 1309 ,109,4.4,45,0,0.0,제주시,제주
일일오팔흑돼지,카페,영업,제주특별자치도 제주시 애월읍 고내리 1158번지 ,"제주특별자치도 제주시 애월읍 애월해안로 230, 1층",138,4.7,21,0,0.0,제주시,애월
모래비커피팩토리,카페,영업,제주특별자치도 제주시 구좌읍 월정리 536-4 외1필지 제1호(1층) ,제주특별자치도 제주시 구좌읍 해맞이해안로 462 (제1호),70,4.5,171,0,0.0,제주시,구좌
엘픽,일식,영업,제주특별자치도 제주시 이도이동 1946-7번지 ,"제주특별자치도 제주시 신설로5길 5-10, 101호 (이도이동, 이도해든빌비동)",37,3.8,29,0,0.0,제주시,제주
교래리사계절,한식,영업,제주특별자치도 제주시 조천읍 교래리 786-15번지 ,제주특별자치도 제주시 조천읍 남조로 2064,35,4.0,39,0,0.0,제주시,조천
전설의마녀,호프,영업,제주특별자치도 제주시 애월읍 구엄리 606 제2호(2층) ,제주특별자치도 제주시 애월읍 애월해안로 715 (제2호),34,3.9,34,0,0.0,제주시,애월
애월집,한식,영업,제주특별자치도 제주시 애월읍 구엄리 1258-5번지 ,"제주특별자치도 제주시 애월읍 애월해안로 690, 지하1층",78,3.9,45,0,0.0,제주시,애월
만배수산,일식,영업,제주특별자치도 제주시 연동 1501-12 ,제주특별자치도 제주시 국기로2길 2-9 (연동),60,3.7,35,0,0.0,제주시,제주
제마닭,한식,영업,제주특별자치도 제주시 연동 294-84번지 ,제주특별자치도 제주시 사장길 12 (연동),51,3.5,11,0,0.0,제주시,제주
호텔샌드,카페,영업,제주특별자치도 제주시 한림읍 협재리 2446-3 ,"제주특별자치도 제주시 한림읍 한림로 339, 1층",352,3.9,43,0,0.0,제주시,한림
제주공항근처맛집용두암해촌,한식,영업,제주특별자치도 제주시 용담삼동 1026-3 ,제주특별자치도 제주시 서해안로 614 (용담삼동),150,4.7,372,0,0.0,제주시,제주
마니,카페,영업,제주특별자치도 제주시 구좌읍 평대리 2033-1번지 ,"제주특별자치도 제주시 구좌읍 해맞이해안로 1112, 1층",72,4.1,49,0,0.0,제주시,구좌
마농,경양식,영업,제주특별자치도 제주시 도평동 48-10 ,"제주특별자치도 제주시 우평로 45-1, 2층 (도평동)",88,3.6,14,0,0.0,제주시,제주
소문난맛집,한식,영업,제주특별자치도 제주시 애월읍 하귀2리 2617-4 ,"제주특별자치도 제주시 애월읍 애월해안로 945-2, 1층",92,3.7,10,0,0.0,제주시,애월
인제주,카페,영업,제주특별자치도 제주시 한림읍 동명리 2210번지 ,"제주특별자치도 제주시 한림읍 명월성로 137-14, 2층",35,4.0,4,0,0.0,제주시,한림
정듬,한식,영업,제주특별자치도 제주시 삼도이동 1069-2 (진성1로 62) ,"제주특별자치도 제주시 무근성7길 16 (삼도이동,(진성1로 62))",62,3.9,67,0,0.0,제주시,제주
명가손만두와보말칼국수,한식,영업,제주특별자치도 제주시 연동 322-28번지 (1층) ,제주특별자치도 제주시 선덕로5길 19 (연동),94,4.4,63,0,0.0,제주시,제주
다락,양식,영업,제주특별자치도 제주시 조천읍 교래리 524-4번지 ,"제주특별자치도 제주시 조천읍 비자림로 658, 다동 1층",87,4.2,39,0,0.0,제주시,조천
카페리,카페,영업,제주특별자치도 제주시 구좌읍 평대리 1947-4번지 ,"제주특별자치도 제주시 구좌읍 평대2길 39, 1층",66,4.6,71,0,0.0,제주시,구좌
경도원,한식,영업,제주특별자치도 제주시 조천읍 교래리 635번지 ,제주특별자치도 제주시 조천읍 교래4길 20-11,35,4.2,5,0,0.0,제주시,조천
덕천토종닭,한식,영업,제주특별자치도 제주시 구좌읍 덕천리 805번지 (1층) ,제주특별자치도 제주시 구좌읍 동백로 476-6,57,4.6,8,0,0.0,제주시,구좌
도민상회월정,한식,영업,제주특별자치도 제주시 구좌읍 행원리 1537-20 ,"제주특별자치도 제주시 구좌읍 행원로1길 32-3, 1층",318,4.3,207,0,0.0,제주시,구좌
살아있는해물뚝배기어마장장,한식,영업,제주특별자치도 제주시 일도이동 1028-49번지 ,제주특별자치도 제주시 성지로 62 (일도이동),79,4.3,110,0,0.0,제주시,제주
어가,일식,영업,제주특별자치도 제주시 노형동 699-5번지 ,"제주특별자치도 제주시 1100로 3213-8, 지하2층 (노형동)",55,4.5,59,0,0.0,제주시,제주
국수마당,한식,영업,제주특별자치도 제주시 일도이동 1034-19 ,제주특별자치도 제주시 삼성로 65 (일도이동),229,3.8,106,0,0.0,제주시,제주
우리회수산,해산물,영업,제주특별자치도 제주시 일도일동 1480-3번지 ,"제주특별자치도 제주시 동문로2길 10, 1~2층 1호 (일도일동)",133,3.7,155,0,0.0,제주시,제주
마이도,일식,영업,제주특별자치도 제주시 연동 282-32번지 ,"제주특별자치도 제주시 은남2길 35, 101호 (연동)",65,4.2,15,0,0.0,제주시,제주
대춘해장국,한식,영업,제주특별자치도 제주시 도남동 380-2번지 ,"제주특별자치도 제주시 연북로 398, 1층 (도남동)",101,4.4,72,0,0.0,제주시,제주
오늘도회는뜬다1호,해산물,영업,제주특별자치도 제주시 조천읍 함덕리 1002-17번지 ,"제주특별자치도 제주시 조천읍 함덕13길 1-1, 1~2층",118,4.2,38,0,0.0,제주시,조천
판포어촌계직영펜션식당,한식,영업,제주특별자치도 제주시 한경면 판포리 1707 ,"제주특별자치도 제주시 한경면 일주서로 4542, 1층",45,5.0,4,0,0.0,제주시,한경
장전고을,한식,영업,제주특별자치도 제주시 애월읍 장전리 1739-15번지 ,"제주특별자치도 제주시 애월읍 중산간서로 6010, 1층",81,3.9,47,0,0.0,제주시,애월
진돼지,고기,영업,제주특별자치도 제주시 연동 1330 ,"제주특별자치도 제주시 은수길 65, B동 1층 (연동)",46,4.4,14,0,0.0,제주시,제주
행원바당손칼국수,한식,영업,제주특별자치도 제주시 구좌읍 행원리 92 ,"제주특별자치도 제주시 구좌읍 해맞이해안로 820, 1동 1층",32,3.8,13,0,0.0,제주시,구좌
안녕제주,한식,영업,제주특별자치도 제주시 조천읍 함덕리 951-1번지 ,"제주특별자치도 제주시 조천읍 함덕18길 19, 1층",46,3.9,53,0,0.0,제주시,조천
제주돈계절,한식,영업,제주특별자치도 제주시 애월읍 광령리 3401-1 ,"제주특별자치도 제주시 애월읍 광성로 213, 1층",45,4.0,25,0,0.0,제주시,애월
규태네,한식,영업,제주특별자치도 제주시 노형동 917-10번지 (연동로136) ,"제주특별자치도 제주시 노연로 55 (노형동,(연동로136))",69,4.0,32,0,0.0,제주시,제주
제주예찬,한식,영업,제주특별자치도 제주시 노형동 287-1 ,"제주특별자치도 제주시 1100로 2997, 1층 (노형동)",201,3.6,79,0,0.0,제주시,제주
착한집,한식,영업,제주특별자치도 제주시 오라삼동 2337-12 ,제주특별자치도 제주시 서광로 98 (오라삼동),597,4.4,317,0,0.0,제주시,제주
어머니와고등어,한식,영업,제주특별자치도 제주시 도두일동 1705-2 1층 ,제주특별자치도 제주시 도두일동 1705-2 1층 ,81,3.7,20,0,0.0,제주시,제주
제주돈,한식,영업,제주특별자치도 제주시 이도이동 76-20번지 ,제주특별자치도 제주시 연신로 83 (이도이동),32,4.8,9,0,0.0,제주시,제주
달빛제주,카페,영업,제주특별자치도 제주시 애월읍 하귀2리 2597-1번지 ,"제주특별자치도 제주시 애월읍 애월해안로 929, 가동 2층",82,4.6,21,0,0.0,제주시,애월
제주순풍신,한식,영업,제주특별자치도 제주시 노형동 668 ,"제주특별자치도 제주시 진군남4길 7-8, 1층 제1호 (노형동)",534,3.7,47,0,0.0,제주시,제주
오름,한식,영업,제주특별자치도 제주시 조천읍 교래리 524-1번지 ,제주특별자치도 제주시 조천읍 비자림로 657,368,3.7,104,0,0.0,제주시,조천
고기가게,해산물,영업,제주특별자치도 제주시 연동 1500-5 (1층) ,제주특별자치도 제주시 국기중길 12 (연동),61,4.8,13,0,0.0,제주시,제주
제주보말칼국수,한식,영업,제주특별자치도 제주시 삼도이동 186-4 외1필지(1층) ,제주특별자치도 제주시 관덕로8길 40 (삼도이동),90,4.7,67,0,0.0,제주시,제주
우도해녀의집,한식,영업,제주특별자치도 제주시 우도면 연평리 2649-1 ,"제주특별자치도 제주시 우도면 우도해안길 144, 1층",54,4.7,75,0,0.0,제주시,우도
모이세,한식,영업,제주특별자치도 제주시 오라이동 3100-3 ,"제주특별자치도 제주시 연북로 221, 1층 (오라이동)",50,3.6,35,0,0.0,제주시,제주
오늘와인한잔,호프,영업,제주특별자치도 제주시 연동 273-34 ,"제주특별자치도 제주시 신대로16길 44, 1층 (연동)",35,5.0,7,0,0.0,제주시,제주
한경가든,한식,영업,제주특별자치도 제주시 한경면 고산리 3565-1 ,"제주특별자치도 제주시 한경면 노을해안로 1259, 1동 1층",100,4.0,42,0,0.0,제주시,한경
거문오름,한식,영업,제주특별자치도 제주시 조천읍 선흘리 470-1번지 ,제주특별자치도 제주시 조천읍 선교로 523,49,3.9,55,0,0.0,제주시,조천
곶자왈,한식,영업,제주특별자치도 제주시 조천읍 교래리 464-1 ,"제주특별자치도 제주시 조천읍 비자림로 631, 1층",43,3.9,54,0,0.0,제주시,조천
스시애월,일식,영업,제주특별자치도 제주시 애월읍 애월리 1819-4번지 ,"제주특별자치도 제주시 애월읍 애월로9길 50-3, 1층",201,4.3,84,0,0.0,제주시,애월
한수어촌계 톤대섬,한식,영업,제주특별자치도 제주시 한림읍 한수리 914-8번지 ,제주특별자치도 제주시 한림읍 한수리 914-8번지 ,75,4.8,22,0,0.0,제주시,한림
고스트타운,뷔페,영업,제주특별자치도 제주시 애월읍 신엄리 2880-12 ,제주특별자치도 제주시 애월읍 부룡수길 35-14,45,3.8,31,0,0.0,제주시,애월
함덕뚝배기,한식,영업,제주특별자치도 제주시 조천읍 함덕리 산 14-58번지 ,제주특별자치도 제주시 조천읍 조함해안로 538,33,4.6,60,0,0.0,제주시,조천
애월리안,카페,영업,제주특별자치도 제주시 애월읍 애월리 1587 ,제주특별자치도 제주시 애월읍 애원로 4,37,3.7,29,0,0.0,제주시,애월
함덕흑돼지연탄구이,고기,영업,제주특별자치도 제주시 조천읍 함덕리 1273번지 ,"제주특별자치도 제주시 조천읍 신북로 535, 1층",389,4.2,45,0,0.0,제주시,조천
황가네뚝배기,한식,영업,제주특별자치도 제주시 연동 291-121번지 ,제주특별자치도 제주시 삼무로11길 24 (연동),59,3.9,8,0,0.0,제주시,제주
빵굽는카페로와,카페,영업,제주특별자치도 제주시 구좌읍 월정리 6 ,"제주특별자치도 제주시 구좌읍 해맞이해안로 472, 1층 제3호",32,3.8,56,0,0.0,제주시,구좌
봉성식당,한식,영업,제주특별자치도 제주시 애월읍 봉성리 4124-1번지 ,"제주특별자치도 제주시 애월읍 봉성로 66, 1층",122,3.7,40,0,0.0,제주시,애월
제주앤스시,일식,영업,제주특별자치도 제주시 이도이동 1055-4번지 ,"제주특별자치도 제주시 고산동산5길 3-4, 1층 (이도이동)",31,4.3,8,0,0.0,제주시,제주
가비닻,일식,영업,제주특별자치도 제주시 애월읍 하귀2리 2726번지 (지하1층) ,제주특별자치도 제주시 애월읍 가문동길 지하 41-2,312,3.9,102,0,0.0,제주시,애월
월정국수,한식,영업,제주특별자치도 제주시 구좌읍 월정리 305번지 ,"제주특별자치도 제주시 구좌읍 월정3길 6, 1층",31,4.6,68,0,0.0,제주시,구좌
운산,고기,영업,제주특별자치도 제주시 삼도이동 1113-1번지 ,제주특별자치도 제주시 북성로 28 (삼도이동),106,4.3,72,0,0.0,제주시,제주
한라산,한식,영업,제주특별자치도 제주시 구좌읍 하도리 3200-9 ,"제주특별자치도 제주시 구좌읍 면수1길 48, 2동 1층",427,3.7,137,0,0.0,제주시,구좌
별오름,뷔페,영업,제주특별자치도 제주시 노형동 683-1 천마에코피아 2차 B201호,"제주특별자치도 제주시 1100로 3213-27, B201호 (노형동)",33,4.4,10,0,0.0,제주시,제주
바로족발보쌈,한식,영업,제주특별자치도 제주시 노형동 735-8 ,제주특별자치도 제주시 진군1길 25 (노형동),62,4.4,44,0,0.0,제주시,제주
비양도,일식,영업,제주특별자치도 제주시 한림읍 금능리 1763-1 ,제주특별자치도 제주시 한림읍 한림로 167,52,4.1,35,0,0.0,제주시,한림
함덕골목,한식,영업,제주특별자치도 제주시 조천읍 함덕리 1041-16번지 ,제주특별자치도 제주시 조천읍 함덕7길 6-14,33,4.6,152,0,0.0,제주시,조천
누룽지,한식,영업,제주특별자치도 제주시 이도이동 1020-12번지 ,제주특별자치도 제주시 고산동산6길 15-1 (이도이동),40,4.2,58,0,0.0,제주시,제주
고성장수물,한식,영업,제주특별자치도 제주시 연동 310-79번지 ,제주특별자치도 제주시 연문2길 18 (연동),142,4.2,96,0,0.0,제주시,제주
수카사,중식,영업,제주특별자치도 제주시 구좌읍 행원리 701번지 ,제주특별자치도 제주시 구좌읍 행원로9길 11,73,4.3,44,0,0.0,제주시,구좌
방림원,카페,영업,제주특별자치도 제주시 한경면 저지리 2120-91 외 5필지 ,제주특별자치도 제주시 한경면 용금로 864 (외 5필지),53,4.3,26,0,0.0,제주시,한경
월랑봉,분식,영업,제주특별자치도 제주시 구좌읍 세화리 1523-4번지 ,제주특별자치도 제주시 구좌읍 구좌로 25,174,4.8,102,0,0.0,제주시,구좌
제주그때그집공항,한식,영업,제주특별자치도 제주시 도두이동 706-11 ,제주특별자치도 제주시 서해안로 352-1 (도두이동),226,4.7,344,0,0.0,제주시,제주
돌하르방,한식,영업,제주특별자치도 제주시 일도이동 320-14번지 ,"제주특별자치도 제주시 신산로11길 53, 1층 (일도이동)",41,4.3,35,0,0.0,제주시,제주
옹포바다,한식,영업,제주특별자치도 제주시 한림읍 옹포리 578-1번지 ,"제주특별자치도 제주시 한림읍 옹포1길 24, 1층",75,4.2,65,0,0.0,제주시,한림
제주올래국수,한식,영업,제주특별자치도 제주시 용담이동 2753-9번지 ,제주특별자치도 제주시 월성로 39 (용담이동),31,4.2,38,0,0.0,제주시,제주
어등포해녀촌,한식,영업,제주특별자치도 제주시 구좌읍 행원리 575-15 ,"제주특별자치도 제주시 구좌읍 행원로13길 131, 1층",63,4.2,30,0,0.0,제주시,구좌
요리음식현,일식,영업,제주특별자치도 제주시 노형동 3792-8번지 ,"제주특별자치도 제주시 신형로 23, 2층 (노형동)",32,3.8,5,0,0.0,제주시,제주
일미도,해산물,영업,제주특별자치도 제주시 구좌읍 하도리 3359번지 ,"제주특별자치도 제주시 구좌읍 면수길 52-1, 1층",56,3.8,46,0,0.0,제주시,구좌
제원칼집,고기,영업,제주특별자치도 제주시 연동 261-64 ,제주특별자치도 제주시 제원길 19 (연동),44,4.2,13,0,0.0,제주시,제주
망고홀릭,카페,영업,제주특별자치도 제주시 연동 271-40 ,"제주특별자치도 제주시 삼무로5길 2, 1층 (연동)",72,4.4,46,0,0.0,제주시,제주
세화야,일식,영업,제주특별자치도 제주시 구좌읍 세화리 3642-5 ,"제주특별자치도 제주시 구좌읍 세평항로 38, 1층",82,4.5,84,0,0.0,제주시,구좌
은희네,한식,영업,제주특별자치도 제주시 일도이동 357-4 ,제주특별자치도 제주시 고마로13길 8 (일도이동),238,3.7,155,0,0.0,제주시,제주
명리동식당세화,한식,영업,제주특별자치도 제주시 구좌읍 평대리 755번지 ,제주특별자치도 제주시 구좌읍 일주동로 3010-17,45,4.3,26,0,0.0,제주시,구좌
지붕위제주바다,분식,영업,제주특별자치도 제주시 구좌읍 평대리 1878 ,"제주특별자치도 제주시 구좌읍 평대2길 17, 1층",57,4.7,44,0,0.0,제주시,구좌
연동마라도,해산물,영업,제주특별자치도 제주시 연동 262-10 ,제주특별자치도 제주시 신광로8길 3 (연동),103,3.8,68,0,0.0,제주시,제주
쌍팔련도,고기,영업,제주특별자치도 제주시 일도이동 68-1 ,제주특별자치도 제주시 연수로1길 2 (일도이동),72,5.0,1,0,0.0,제주시,제주
제주김만복,한식,영업,제주특별자치도 제주시 오라삼동 2250-1 ,"제주특별자치도 제주시 오라로 41, 1동 1층 (오라삼동)",774,3.6,580,0,0.0,제주시,제주
모슬포항부두식당2호,중식,영업,제주특별자치도 제주시 애월읍 애월리 2482-11번지 ,"제주특별자치도 제주시 애월읍 애월로 33, 1층",241,4.8,55,0,0.0,제주시,애월
삼다도횟집,해산물,영업,제주특별자치도 제주시 용담삼동 1100번지 ,제주특별자치도 제주시 서해안로 572 (용담삼동),80,3.7,31,0,0.0,제주시,제주
세화갈비,호프,영업,제주특별자치도 제주시 구좌읍 세화리 1452-18 ,제주특별자치도 제주시 구좌읍 구좌로 39,41,4.7,42,0,0.0,제주시,구좌
놀놀,카페,영업,제주특별자치도 제주시 구좌읍 평대리 3283-2 ,"제주특별자치도 제주시 구좌읍 비자림로 2228, 에이동 1층",114,4.0,15,0,0.0,제주시,구좌
우등생,고기,영업,제주특별자치도 제주시 아라일동 6117-6 ,"제주특별자치도 제주시 인다2길 28, 1층 (아라일동)",30,4.7,14,0,0.0,제주시,제주
어박사스낵,한식,영업,제주특별자치도 제주시 한림읍 동명리 1715번지 ,"제주특별자치도 제주시 한림읍 한림로 564, 1층 제1호",148,4.6,240,0,0.0,제주시,한림
인,한식,영업,제주특별자치도 제주시 구좌읍 한동리 1638 (1층) ,제주특별자치도 제주시 구좌읍 해맞이해안로 943,58,4.3,48,0,0.0,제주시,구좌
돈물,한식,영업,제주특별자치도 제주시 건입동 1090-1번지 ,제주특별자치도 제주시 연무정동길 2 (건입동),36,4.3,20,0,0.0,제주시,제주
모살물,해산물,영업,제주특별자치도 제주시 연동 291-10번지 ,제주특별자치도 제주시 삼무로3길 14 (연동),179,3.7,103,0,0.0,제주시,제주
흑소랑,고기,영업,제주특별자치도 제주시 아라이동 3007-2 ,제주특별자치도 제주시 연북로 631 (아라이동),131,3.7,26,0,0.0,제주시,제주
교래흑돼지,고기,영업,제주특별자치도 제주시 조천읍 교래리 216-1번지 ,제주특별자치도 제주시 조천읍 교래4길 73,74,4.4,102,0,0.0,제주시,조천
제주금돼지식당,한식,영업,제주특별자치도 제주시 노형동 937-10 ,제주특별자치도 제주시 원노형로 68 (노형동),31,4.4,9,0,0.0,제주시,제주
이참흑돼지,한식,영업,제주특별자치도 제주시 연동 291-60 ,제주특별자치도 제주시 삼무로7길 25 (연동),96,4.2,6,0,0.0,제주시,제주
제주음식제주옥,해산물,영업,제주특별자치도 제주시 애월읍 애월리 2467 ,"제주특별자치도 제주시 애월읍 애월로 11, 1층",147,4.3,219,0,0.0,제주시,애월
항아리조림,해산물,영업,제주특별자치도 제주시 구좌읍 세화리 1500-17번지 ,"제주특별자치도 제주시 구좌읍 세화3길 32, 1층",80,4.8,89,0,0.0,제주시,구좌
꿉자,양식,영업,제주특별자치도 제주시 조천읍 조천리 2360-1번지 ,"제주특별자치도 제주시 조천읍 신북로 249, 제2호 1층",39,4.8,27,0,0.0,제주시,조천
옐로우돕,양식,영업,제주특별자치도 제주시 일도이동 380-2번지 ,"제주특별자치도 제주시 고마로16길 9, 1층 103호 (일도이동)",37,4.5,25,0,0.0,제주시,제주
은희네해장국함덕,한식,영업,제주특별자치도 제주시 조천읍 함덕리 1252-42번지 ,"제주특별자치도 제주시 조천읍 조함해안로 480, 1층",167,3.6,70,0,0.0,제주시,조천
금성우동,일식,영업,제주특별자치도 제주시 애월읍 금성리 597-2번지 ,"제주특별자치도 제주시 애월읍 일주서로 5939, 1층",40,4.4,64,0,0.0,제주시,애월
도토리키친,한식,영업,제주특별자치도 제주시 삼도이동 1158-1 ,"제주특별자치도 제주시 북성로 59, 1층 (삼도이동)",295,3.9,151,0,0.0,제주시,제주
제주이자카야달,일식,영업,제주특별자치도 제주시 애월읍 하귀2리 2694 ,"제주특별자치도 제주시 애월읍 가문동길 27-8, 1층",130,3.5,25,0,0.0,제주시,애월
카페라능,카페,영업,제주특별자치도 제주시 이호일동 1927-1번지 ,"제주특별자치도 제주시 일주서로 7528, 1~2층 (이호일동)",141,4.2,54,0,0.0,제주시,제주
제주등뼈가노형,한식,영업,제주특별자치도 제주시 노형동 934 ,"제주특별자치도 제주시 원노형남1길 24, 2층 (노형동)",44,4.1,15,0,0.0,제주시,제주
피즈,양식,영업,제주특별자치도 제주시 애월읍 애월리 2481-3 ,"제주특별자치도 제주시 애월읍 애월로 29, 1층",128,4.1,59,0,0.0,제주시,애월
짚불도,고기,영업,제주특별자치도 제주시 한경면 판포리 2872 메가리조트 ,"제주특별자치도 제주시 한경면 판포1길 6, 메가리조트 1층 12호",360,3.9,18,0,0.0,제주시,한경
애월감성,양식,영업,제주특별자치도 제주시 애월읍 곽지리 1622-5 ,"제주특별자치도 제주시 애월읍 곽지9길 8, 1층 제3호",45,4.2,26,0,0.0,제주시,애월
먹돌,한식,영업,제주특별자치도 제주시 용담이동 2747-6 ,"제주특별자치도 제주시 월성로 26, 1층 (용담이동)",57,4.8,204,0,0.0,제주시,제주
646미터퍼세크,경양식,영업,제주특별자치도 제주시 한경면 금등리 646 너울빌리지 ,"제주특별자치도 제주시 한경면 일주서로 4469, 너울빌리지 1층",76,4.1,9,0,0.0,제주시,한경
은혜전복,한식,영업,제주특별자치도 제주시 애월읍 애월리 2528 ,"제주특별자치도 제주시 애월읍 애월로1길 24-3, 1층",1011,3.8,133,0,0.0,제주시,애월
옥만이네,한식,영업,제주특별자치도 제주시 한림읍 한림리 1314-29 ,"제주특별자치도 제주시 한림읍 한림해안로 160, 1층",188,4.0,103,0,0.0,제주시,한림
평대전복,해산물,영업,제주특별자치도 제주시 구좌읍 평대리 515-9 ,"제주특별자치도 제주시 구좌읍 해맞이해안로 1254-2, 1층",73,4.5,85,0,0.0,제주시,구좌
함덕주막,한식,영업,제주특별자치도 제주시 조천읍 함덕리 955-8 ,"제주특별자치도 제주시 조천읍 함덕로 20, 1층",102,4.0,1,0,0.0,제주시,조천
이춘옥의원조고등어쌈밥,한식,영업,제주특별자치도 제주시 애월읍 하귀1리 266-1 (1층) ,"제주특별자치도 제주시 애월읍 일주서로 7213, 1층",1140,4.4,482,0,0.0,제주시,애월
곰막,한식,영업,제주특별자치도 제주시 구좌읍 동복리 667-1번지 (1층) ,제주특별자치도 제주시 구좌읍 구좌해안로 64,246,3.8,236,0,0.0,제주시,구좌
명월국민학교,카페,영업,제주특별자치도 제주시 한림읍 명월리 1734 ,"제주특별자치도 제주시 한림읍 명월로 48, 1층",414,3.9,86,0,0.0,제주시,한림
채우다,한식,영업,제주특별자치도 제주시 일도일동 1251 ,"제주특별자치도 제주시 중앙로7길 31, 1층 (일도일동)",33,4.4,25,0,0.0,제주시,제주
파도소리식당,한식,영업,제주특별자치도 제주시 구좌읍 하도리 43-1 ,"제주특별자치도 제주시 구좌읍 해맞이해안로 1950, 1층",266,4.4,92,0,0.0,제주시,구좌
버거요,양식,영업,제주특별자치도 제주시 한림읍 귀덕리 957 ,"제주특별자치도 제주시 한림읍 귀덕11길 43, 1층",147,3.6,38,0,0.0,제주시,한림
제주해물상회,한식,영업,제주특별자치도 제주시 한림읍 월령리 203-1 ,"제주특별자치도 제주시 한림읍 한림로 16-3, 1층",114,3.7,93,0,0.0,제주시,한림
곱들락,한식,영업,제주특별자치도 제주시 조천읍 함덕리 951-1 ,"제주특별자치도 제주시 조천읍 함덕18길 19, 1층",311,4.2,101,0,0.0,제주시,조천
외도회수산,일식,영업,제주특별자치도 제주시 외도일동 642-6 ,"제주특별자치도 제주시 우정로18길 5, 1층 (외도일동)",33,4.7,12,0,0.0,제주시,제주
플래닛제주,경양식,영업,제주특별자치도 제주시 연동 271-7 ,"제주특별자치도 제주시 삼무로 35, 1층 (연동)",47,4.1,19,0,0.0,제주시,제주
마구로쇼쿠도,일식,영업,제주특별자치도 제주시 이도이동 1958-5 그린나래 ,"제주특별자치도 제주시 신설로9길 26-12, 비동 1층 102호 (이도이동, 그린나래)",48,4.3,26,0,0.0,제주시,제주
요기소바,일식,영업,제주특별자치도 제주시 노형동 931-1 ,"제주특별자치도 제주시 원노형6길 3-4, 1층 (노형동)",38,4.2,51,0,0.0,제주시,제주
바당지기,해산물,영업,제주특별자치도 제주시 구좌읍 월정리 30 ,"제주특별자치도 제주시 구좌읍 해맞이해안로 480, 1층",30,3.9,58,0,0.0,제주시,구좌
애월의맛,한식,영업,제주특별자치도 제주시 애월읍 애월리 2482-1 ,"제주특별자치도 제주시 애월읍 애월로 37, 지하1층",55,4.6,136,0,0.0,제주시,애월
조식,경양식,영업,제주특별자치도 제주시 애월읍 어음리 3459-1 ,"제주특별자치도 제주시 애월읍 어림비로 272, 1층",37,4.4,34,0,0.0,제주시,애월
성산짬뽕,중식,영업,제주특별자치도 서귀포시 성산읍 성산리 171-7번지 1층 ,"제주특별자치도 서귀포시 성산읍 성산중앙로25번길 13, 1층",74,4.5,100,0,0.0,서귀포시,성산
빽가한우불고기,한식,영업,"제주특별자치도 서귀포시 안덕면 덕수리 735-9 , 1층 ","제주특별자치도 서귀포시 안덕면 덕수회관로61번길 40, 1층",104,4.0,1,0,0.0,서귀포시,안덕
산방산우리동네,한식,영업,제주특별자치도 서귀포시 안덕면 사계리 1898-2번지 ,제주특별자치도 서귀포시 안덕면 산방로 289,30,4.9,136,0,0.0,서귀포시,안덕
일출제주흑돼지,한식,영업,제주특별자치도 서귀포시 성산읍 고성리 1117-4번지 1층 ,"제주특별자치도 서귀포시 성산읍 일출로15번길 2, 1층",43,4.4,62,0,0.0,서귀포시,성산
중문맛집,한식,영업,제주특별자치도 서귀포시 중문동 2025-1번지 ,제주특별자치도 서귀포시 천제연로 193 (중문동),265,4.7,173,0,0.0,서귀포시,중문
동성수산,해산물,영업,제주특별자치도 서귀포시 대정읍 하모리 2133-1번지 ,제주특별자치도 서귀포시 대정읍 최남단해안로 46,214,3.7,56,0,0.0,서귀포시,대정
하모어촌식당,한식,영업,제주특별자치도 서귀포시 대정읍 하모리 646-20번지 1층 ,"제주특별자치도 서귀포시 대정읍 최남단해안로 120, 1층",68,4.3,3,0,0.0,서귀포시,대정
시흥리해녀의집,한식,영업,제주특별자치도 서귀포시 성산읍 시흥리 12-64 ,제주특별자치도 서귀포시 성산읍 시흥하동로 114,102,4.5,175,0,0.0,서귀포시,성산
뽕끄랑,경양식,영업,제주특별자치도 서귀포시 서홍동 644-10번지 ,"제주특별자치도 서귀포시 남성로138번길 1, 1층 (서홍동)",162,3.9,31,0,0.0,서귀포시,서귀포
더()고팡,경양식,영업,제주특별자치도 서귀포시 안덕면 상천리 476-5번지 ,"제주특별자치도 서귀포시 안덕면 신화역사로 863, 1층",62,4.0,35,0,0.0,서귀포시,안덕
제주스럽닭서귀포올레,호프,영업,제주특별자치도 서귀포시 서귀동 587-17 ,"제주특별자치도 서귀포시 태평로 396, 1층 (서귀동)",103,4.4,17,0,0.0,서귀포시,서귀포
빌라드아토,카페,영업,제주특별자치도 서귀포시 서귀동 551-3번지 ,"제주특별자치도 서귀포시 태평로 413, 1층 (서귀동)",30,4.2,31,0,0.0,서귀포시,서귀포
흑돼지패밀리,한식,영업,제주특별자치도 서귀포시 남원읍 위미리 3935-1번지 ,제주특별자치도 서귀포시 남원읍 중산간동로 6924,267,4.6,56,0,0.0,서귀포시,남원
모슬포한라전복,일식,영업,제주특별자치도 서귀포시 대정읍 동일리 2904-2 1층 ,"제주특별자치도 서귀포시 대정읍 대한로 33, 1층",137,4.0,106,0,0.0,서귀포시,대정
형제도식당,한식,영업,"제주특별자치도 서귀포시 색달동 2273-1번지 , 1층 ","제주특별자치도 서귀포시 일주서로 915, 1층 (색달동)",1229,4.5,86,0,0.0,서귀포시,중문
제주로운,일식,영업,"제주특별자치도 서귀포시 성산읍 고성리 212-13번지 , 2층 ","제주특별자치도 서귀포시 성산읍 신양로 101, 2층",58,3.9,46,0,0.0,서귀포시,성산
제주약수터,호프,영업,제주특별자치도 서귀포시 서귀동 294-20번지 1층 ,"제주특별자치도 서귀포시 중앙로 35, 1층 (서귀동)",271,4.6,119,0,0.0,서귀포시,서귀포
호수,경양식,영업,제주특별자치도 서귀포시 안덕면 동광리 1282-5 ,제주특별자치도 서귀포시 안덕면 서광동로 101,36,4.7,53,0,0.0,서귀포시,안덕
뽈살집별관,고기,영업,제주특별자치도 서귀포시 서귀동 278-14번지 ,제주특별자치도 서귀포시 중정로91번길 39-1 (서귀동),260,4.4,200,0,0.0,서귀포시,서귀포
하원가흑돼지,고기,영업,"제주특별자치도 서귀포시 하원동 1662-1번지 , 1층 ","제주특별자치도 서귀포시 이어도로 278, 1층 (하원동)",62,4.8,144,0,0.0,서귀포시,서귀포
요리바카,일식,영업,제주특별자치도 서귀포시 중문동 1949-8번지 1층 ,"제주특별자치도 서귀포시 천제연로214번길 3, 1층 (중문동)",49,4.7,26,0,0.0,서귀포시,중문
성산갯마을,한식,영업,"제주특별자치도 서귀포시 성산읍 오조리 343번지 , 1층 ","제주특별자치도 서귀포시 성산읍 한도로 66, 1층",73,3.9,14,0,0.0,서귀포시,성산
덕수아이흑돼지,한식,영업,제주특별자치도 서귀포시 안덕면 덕수리 2213-1번지 ,제주특별자치도 서귀포시 안덕면 덕수회관로 88,127,4.3,26,0,0.0,서귀포시,안덕
큰집어멍,한식,영업,제주특별자치도 서귀포시 대포동 747-2 ,제주특별자치도 서귀포시 중문관광로 336 (대포동),437,4.4,15,0,0.0,서귀포시,서귀포
청송가,한식,영업,제주특별자치도 서귀포시 표선면 표선리 945-1 ,제주특별자치도 서귀포시 표선면 표선백사로 86,33,3.8,4,0,0.0,서귀포시,표선
제주흑돈세상수라간,한식,영업,제주특별자치도 서귀포시 서홍동 265-1번지 ,제주특별자치도 서귀포시 중산간동로 8051 (서홍동),134,4.1,38,0,0.0,서귀포시,서귀포
중문착한포차,중식,영업,제주특별자치도 서귀포시 색달동 2481-10번지 2층 ,제주특별자치도 서귀포시 천제연로 119 (색달동),111,4.0,87,0,0.0,서귀포시,중문
탐라는파스타호텔더,호프,영업,제주특별자치도 서귀포시 색달동 2156-3번지 1층 ,"제주특별자치도 서귀포시 일주서로 968-8, 1층 (색달동)",48,3.6,29,0,0.0,서귀포시,중문
몬스테라자구리,경양식,영업,제주특별자치도 서귀포시 서귀동 65-12번지 1층 ,"제주특별자치도 서귀포시 소암로12번길 7, 1층 (서귀동)",35,4.7,58,0,0.0,서귀포시,서귀포
모녀의부엌,한식,영업,제주특별자치도 서귀포시 상효동 1301-10번지 상효상회 ,"제주특별자치도 서귀포시 516로 472, 상효상회 (상효동)",30,4.5,18,0,0.0,서귀포시,서귀포
바타타식탁,한식,영업,"제주특별자치도 서귀포시 표선면 표선리 484번지 , 2층 ","제주특별자치도 서귀포시 표선면 표선동서로264번길 22, 2층",99,4.5,79,0,0.0,서귀포시,표선
텐저린,경양식,영업,제주특별자치도 서귀포시 법환동 1298-3번지 ,제주특별자치도 서귀포시 이어도로 880 (법환동),30,4.2,59,0,0.0,서귀포시,서귀포
바삭신서귀포,경양식,영업,제주특별자치도 서귀포시 강정동 172-9번지 ,"제주특별자치도 서귀포시 김정문화로 5, 1층 (강정동)",63,3.9,55,0,0.0,서귀포시,중문
모루쿠다,한식,영업,"제주특별자치도 서귀포시 동홍동 74-4번지 , 1층 ","제주특별자치도 서귀포시 동홍중앙로90번길 48, 1층 (동홍동)",44,4.0,14,0,0.0,서귀포시,서귀포
흑돼지구이집하영,한식,영업,제주특별자치도 서귀포시 색달동 2477-5 ,제주특별자치도 서귀포시 천제연로 101 (색달동),123,3.9,34,0,0.0,서귀포시,중문
뚱돼지,한식,영업,제주특별자치도 서귀포시 중문동 2049-1번지 ,제주특별자치도 서귀포시 천제연로188번길 15 (중문동),178,3.7,6,0,0.0,서귀포시,중문
복자씨연탄구이,한식,영업,제주특별자치도 서귀포시 성산읍 오조리 367-1번지 ,제주특별자치도 서귀포시 성산읍 해맞이해안로 2764,521,4.4,585,0,0.0,서귀포시,성산
중문맛집길리추팡,한식,영업,제주특별자치도 서귀포시 대포동 771-5 ,제주특별자치도 서귀포시 중문관광로 294 (대포동),106,3.7,29,0,0.0,서귀포시,서귀포
중문색달통갈치,한식,영업,제주특별자치도 서귀포시 색달동 2088-1 1층 101호,"제주특별자치도 서귀포시 일주서로 993, 1층 101호 (색달동)",411,4.4,121,0,0.0,서귀포시,중문
탐라흑돈정육식당,한식,영업,제주특별자치도 서귀포시 표선면 성읍리 2425-1 ,제주특별자치도 서귀포시 표선면 번영로 2570,44,3.7,6,0,0.0,서귀포시,표선
알동네집화순,한식,영업,제주특별자치도 서귀포시 안덕면 화순리 1394번지 1층 ,"제주특별자치도 서귀포시 안덕면 화순로 6, 1층",527,4.8,80,0,0.0,서귀포시,안덕
전복마시문어마시,한식,영업,제주특별자치도 서귀포시 성산읍 온평리 1116-8번지 ,제주특별자치도 서귀포시 성산읍 환해장성로 489,240,4.5,40,0,0.0,서귀포시,성산
하르비,경양식,영업,"제주특별자치도 서귀포시 서귀동 23-4 , 1층 2층 ","제주특별자치도 서귀포시 칠십리로 115, 1층2층 (서귀동)",103,3.9,54,0,0.0,서귀포시,서귀포
자연샤브,경양식,영업,제주특별자치도 서귀포시 동홍동 1133번지 1층 ,"제주특별자치도 서귀포시 동홍로 188, 1층 (동홍동)",44,4.2,23,0,0.0,서귀포시,서귀포
동선제면가,한식,영업,제주특별자치도 서귀포시 남원읍 위미리 4150-1번지 1층 ,"제주특별자치도 서귀포시 남원읍 태위로 3, 1층",112,4.2,64,0,0.0,서귀포시,남원
어디가맨성산,한식,영업,"제주특별자치도 서귀포시 성산읍 고성리 988-6번지 , 1층 ","제주특별자치도 서귀포시 성산읍 고성오조로 4, 1층",58,4.3,24,0,0.0,서귀포시,성산
소낭집,한식,영업,제주특별자치도 서귀포시 법환동 295번지 1층 ,"제주특별자치도 서귀포시 막숙포로37번길 12, 1층 (법환동)",44,4.0,30,0,0.0,서귀포시,서귀포
괸당집표선,한식,영업,제주특별자치도 서귀포시 표선면 표선리 498-1번지 1층 ,"제주특별자치도 서귀포시 표선면 표선동서로 268, 1층",41,4.7,7,0,0.0,서귀포시,표선
목스키친,한식,영업,제주특별자치도 서귀포시 표선면 토산리 423-3번지 1층 ,"제주특별자치도 서귀포시 표선면 일주동로6455번길 21, 1층",178,3.5,58,0,0.0,서귀포시,표선
보레드베이커스,경양식,영업,"제주특별자치도 서귀포시 보목동 1453번지 , 1층 ","제주특별자치도 서귀포시 보목로64번길 178, 1층 (보목동)",575,4.4,291,0,0.0,서귀포시,서귀포
쉬어갓,카페,영업,"제주특별자치도 서귀포시 성산읍 신산리 680-5번지 , 1층 ","제주특별자치도 서귀포시 성산읍 일주동로 5023, 1층",30,4.1,40,0,0.0,서귀포시,성산
11시11분,외국요리,영업,제주특별자치도 서귀포시 서홍동 391-1번지 ,제주특별자치도 서귀포시 홍중동로 9 (서홍동),63,4.1,33,0,0.0,서귀포시,서귀포
통발,경양식,영업,제주특별자치도 서귀포시 성산읍 성산리 140-4 ,"제주특별자치도 서귀포시 성산읍 일출로 258-15, 2층",171,4.6,24,0,0.0,서귀포시,성산
포커스,경양식,영업,"제주특별자치도 서귀포시 하예동 294번지 , 1층 ","제주특별자치도 서귀포시 예래로 223-7, 1층 (하예동)",49,4.3,36,0,0.0,서귀포시,안덕
호랑호랑,호프,영업,제주특별자치도 서귀포시 성산읍 고성리 235번지 C동 ,"제주특별자치도 서귀포시 성산읍 일출로 86, C동",88,3.9,69,0,0.0,서귀포시,성산
지은이네밥상,한식,영업,제주특별자치도 서귀포시 성산읍 고성리 1174-1번지 ,제주특별자치도 서귀포시 성산읍 고성동서로45번길 15-7,91,4.6,123,0,0.0,서귀포시,성산
천돈가중문,한식,영업,제주특별자치도 서귀포시 색달동 2353-1 1층 ,"제주특별자치도 서귀포시 일주서로 873, 1층 (색달동)",697,4.1,205,0,0.0,서귀포시,중문
잔디공장,외국요리,영업,제주특별자치도 서귀포시 성산읍 신산리 1073-9번지 ,제주특별자치도 서귀포시 성산읍 일주동로5154번길 5,76,4.4,48,0,0.0,서귀포시,성산
칸스,외국요리,영업,제주특별자치도 서귀포시 서귀동 276-19번지 ,"제주특별자치도 서귀포시 중정로61번길 20, 5호 (서귀동)",57,4.5,47,0,0.0,서귀포시,서귀포
다린,경양식,영업,"제주특별자치도 서귀포시 법환동 218-5번지 , 1층 ","제주특별자치도 서귀포시 법환로 11, 1층 (법환동)",54,4.8,24,0,0.0,서귀포시,서귀포
원앤온리,경양식,영업,제주특별자치도 서귀포시 안덕면 사계리 86번지 ,제주특별자치도 서귀포시 안덕면 산방로 141,1844,4.0,450,0,0.0,서귀포시,안덕
코코티에,경양식,영업,제주특별자치도 서귀포시 표선면 표선리 45-15번지 1층 ,"제주특별자치도 서귀포시 표선면 표선당포로 21-3, 1층",187,4.0,56,0,0.0,서귀포시,표선
뷰스트,경양식,영업,"제주특별자치도 서귀포시 안덕면 사계리 2147-2번지 지하1층, 1~3층 ","제주특별자치도 서귀포시 안덕면 형제해안로 30, 지하1층, 1~3층",497,3.8,96,0,0.0,서귀포시,안덕
오또도넛,경양식,영업,제주특별자치도 서귀포시 중문동 1690-4번지 ,제주특별자치도 서귀포시 중문상로 87 (중문동),69,4.5,53,0,0.0,서귀포시,중문
뿔소라몽땅,한식,영업,제주특별자치도 서귀포시 법환동 1556번지 1층 ,"제주특별자치도 서귀포시 이어도로 866-27, 1층 (법환동)",46,4.2,91,0,0.0,서귀포시,서귀포
중문수두리보말칼국수,한식,영업,제주특별자치도 서귀포시 중문동 2056-2 1층 ,"제주특별자치도 서귀포시 천제연로 192, 1층 (중문동)",395,4.4,424,0,0.0,서귀포시,중문
흑돈플러스,일식,영업,제주특별자치도 서귀포시 대포동 1925-2번지 ,제주특별자치도 서귀포시 대포로 132 (대포동),137,4.4,60,0,0.0,서귀포시,서귀포
할매식당,한식,영업,제주특별자치도 서귀포시 서귀동 775-3번지 ,제주특별자치도 서귀포시 부두로 40 (서귀동),34,3.9,34,0,0.0,서귀포시,서귀포
칼초네화덕피자,패스트푸드,영업,제주특별자치도 서귀포시 상예동 762-9번지 ,제주특별자치도 서귀포시 예래로 115 (상예동),65,4.5,20,0,0.0,서귀포시,중문
어조횟집,일식,영업,제주특별자치도 서귀포시 성산읍 성산리 388-3번지 ,제주특별자치도 서귀포시 성산읍 일출로 233,113,4.1,53,0,0.0,서귀포시,성산
제주바베큐,경양식,영업,제주특별자치도 서귀포시 남원읍 남원리 1382번지 ,제주특별자치도 서귀포시 남원읍 태위로 604,92,3.9,26,0,0.0,서귀포시,남원
미영이네,한식,영업,제주특별자치도 서귀포시 대정읍 하모리 770-29 ,제주특별자치도 서귀포시 대정읍 하모항구로 42,703,4.3,276,0,0.0,서귀포시,대정
제주신라 바당,경양식,영업,제주특별자치도 서귀포시 색달동 3039-3번지 ,제주특별자치도 서귀포시 중문관광로72번길 75 (색달동),58,4.3,11,0,0.0,서귀포시,중문
채우다,한식,영업,제주특별자치도 서귀포시 색달동 1534번지 ,제주특별자치도 서귀포시 색달중앙로121번길 45 (색달동),33,5.0,2,0,0.0,서귀포시,중문
먹고정,한식,영업,제주특별자치도 서귀포시 서귀동 427-8번지 ,제주특별자치도 서귀포시 명동로 5-1 (서귀동),348,4.6,131,0,0.0,서귀포시,서귀포
명가솥뚜껑,한식,영업,제주특별자치도 서귀포시 서귀동 267-6번지 ,제주특별자치도 서귀포시 중앙로62번길 36 (서귀동),232,4.3,29,0,0.0,서귀포시,서귀포
옛날옛적,한식,영업,제주특별자치도 서귀포시 성산읍 온평리 486-1 ,제주특별자치도 서귀포시 성산읍 일주동로 4660,30,3.5,34,0,0.0,서귀포시,성산
남정네들,한식,영업,제주특별자치도 서귀포시 서귀동 277-6번지 ,"제주특별자치도 서귀포시 중정로61번길 26, 1층 (서귀동)",98,4.4,22,0,0.0,서귀포시,서귀포
청루봉평메밀막국수전문,한식,영업,제주특별자치도 서귀포시 대정읍 인성리 268-6번지 ,제주특별자치도 서귀포시 대정읍 일주서로 2215,39,4.3,32,0,0.0,서귀포시,대정
오늘은회,한식,영업,제주특별자치도 서귀포시 하예동 1829-4번지 ,제주특별자치도 서귀포시 예래로 468 (하예동),52,4.7,30,0,0.0,서귀포시,안덕
섭지코지 해녀밥상,한식,영업,제주특별자치도 서귀포시 성산읍 고성리 565번지 ,제주특별자치도 서귀포시 성산읍 신양로122번길 60-6,61,4.3,28,0,0.0,서귀포시,성산
올레길회센타,해산물,영업,제주특별자치도 서귀포시 안덕면 화순리 1092-1번지 1층 102호,"제주특별자치도 서귀포시 안덕면 화순재남로 5, 1층 102호",108,4.6,65,0,0.0,서귀포시,안덕
별내리는정원,한식,영업,제주특별자치도 서귀포시 성산읍 삼달리 1080-1번지 ,제주특별자치도 서귀포시 성산읍 중산간동로 4219,51,4.4,22,0,0.0,서귀포시,성산
신우성흑돼지,한식,영업,제주특별자치도 서귀포시 색달동 2822-2번지 ,"제주특별자치도 서귀포시 중문관광로72번길 29-9, 1층 (색달동)",48,4.7,826,0,0.0,서귀포시,중문
희신이네,한식,영업,제주특별자치도 서귀포시 서홍동 1651-11번지 ,제주특별자치도 서귀포시 서홍로 175 (서홍동),37,3.5,15,0,0.0,서귀포시,서귀포
숨비아일랜드,카페,영업,제주특별자치도 서귀포시 성산읍 신천리 353-16번지 ,제주특별자치도 서귀포시 성산읍 신천서로 91,40,4.5,22,0,0.0,서귀포시,성산
대포동산횟집별관,해산물,영업,제주특별자치도 서귀포시 대포동 2181번지 ,제주특별자치도 서귀포시 이어도로 164 (대포동),88,3.6,12,0,0.0,서귀포시,서귀포
로빙화,경양식,영업,제주특별자치도 서귀포시 남원읍 남원리 1398-7번지 ,제주특별자치도 서귀포시 남원읍 남태해안로 13,160,4.5,117,0,0.0,서귀포시,남원
표선올레식당,한식,영업,제주특별자치도 서귀포시 표선면 표선리 746-1번지 ,제주특별자치도 서귀포시 표선면 표선관정로104번길 6-11,267,3.7,137,0,0.0,서귀포시,표선
쌍둥이돼지꿈,한식,영업,제주특별자치도 서귀포시 중문동 2167-20번지 ,제주특별자치도 서귀포시 중문로81번길 90 (중문동),62,3.5,10,0,0.0,서귀포시,중문
2472,경양식,영업,제주특별자치도 서귀포시 색달동 2472-1번지 (2층) ,제주특별자치도 서귀포시 천제연로 103-15 (색달동),106,4.7,39,0,0.0,서귀포시,중문
백년해장국성산,한식,영업,제주특별자치도 서귀포시 성산읍 오조리 1010-1번지 ,제주특별자치도 서귀포시 성산읍 고성오조로 137,59,4.6,36,0,0.0,서귀포시,성산
옥돔식당,한식,영업,제주특별자치도 서귀포시 대정읍 하모리 1067-23번지 ,제주특별자치도 서귀포시 대정읍 신영로36번길 62,177,3.5,62,0,0.0,서귀포시,대정
가람돌솥밥,한식,영업,제주특별자치도 서귀포시 대포동 747-3번지 ,제주특별자치도 서귀포시 중문관광로 332 (대포동),204,3.7,157,0,0.0,서귀포시,서귀포
돈내코손두부,한식,영업,제주특별자치도 서귀포시 상효동 1403-9번지 ,제주특별자치도 서귀포시 배낭골로21번길 19 (상효동),30,4.1,18,0,0.0,서귀포시,서귀포
서광춘희,한식,영업,제주특별자치도 서귀포시 안덕면 서광리 141-10번지 ,제주특별자치도 서귀포시 안덕면 화순서동로 367,46,3.6,48,0,0.0,서귀포시,안덕
고등어쌈밥,한식,영업,제주특별자치도 서귀포시 성산읍 고성리 232번지 ,제주특별자치도 서귀포시 성산읍 섭지코지로25번길 122-5,189,3.6,136,0,0.0,서귀포시,성산
올레마당,한식,영업,제주특별자치도 서귀포시 안덕면 사계리 135-1번지 ,제주특별자치도 서귀포시 안덕면 사계남로 224,34,4.4,109,0,0.0,서귀포시,안덕
다미진,한식,영업,제주특별자치도 서귀포시 표선면 표선리 40-51번지 ,제주특별자치도 서귀포시 표선면 민속해안로 578-1,100,4.7,253,0,0.0,서귀포시,표선
어머니와장독대,한식,영업,제주특별자치도 서귀포시 중앙로101번길 27 (서홍동),제주특별자치도 서귀포시 중앙로101번길 27 (서홍동),271,3.9,27,0,0.0,서귀포시,서귀포
돗통,한식,영업,제주특별자치도 서귀포시 안덕면 사계리 1036번지 ,제주특별자치도 서귀포시 안덕면 사계북로41번길 189,101,3.5,33,0,0.0,서귀포시,안덕
쇠소깍모꼬지,한식,영업,제주특별자치도 서귀포시 일주동로 8104 (하효동),제주특별자치도 서귀포시 일주동로 8104 (하효동),161,4.3,70,0,0.0,서귀포시,서귀포
흑돈오리,한식,영업,제주특별자치도 서귀포시 이중섭로 5-5 (서귀동),제주특별자치도 서귀포시 이중섭로 5-5 (서귀동),43,4.0,45,0,0.0,서귀포시,서귀포
중문흑돼지천국,한식,영업,제주특별자치도 서귀포시 대포동 2066-1번지 ,"제주특별자치도 서귀포시 이어도로 137, 1층 (대포동)",369,4.8,246,0,0.0,서귀포시,서귀포
동홍돈,한식,영업,제주특별자치도 서귀포시 동홍동 107-7번지 ,제주특별자치도 서귀포시 동홍남로 51 (동홍동),37,5.0,2,0,0.0,서귀포시,서귀포
행복한 시저네,한식,영업,제주특별자치도 서귀포시 호근동 1831-6번지 ,제주특별자치도 서귀포시 막동산로 5-4 (호근동),50,4.0,31,0,0.0,서귀포시,서귀포
새물국수,한식,영업,제주특별자치도 서귀포시 안덕면 화순리 847-1번지 ,제주특별자치도 서귀포시 안덕면 화순해안로 63,48,4.8,37,0,0.0,서귀포시,안덕
오가네전복,한식,영업,제주특별자치도 서귀포시 토평동 1284번지 ,제주특별자치도 서귀포시 중산간동로 7738 (토평동),409,4.7,309,0,0.0,서귀포시,서귀포
머체왓식당,한식,영업,제주특별자치도 서귀포시 남원읍 한남리 1622-3번지 ,제주특별자치도 서귀포시 남원읍 서성로 755,31,3.7,16,0,0.0,서귀포시,남원
곶자왈화덕피자,패스트푸드,영업,제주특별자치도 서귀포시 안덕면 서광리 1413-1번지 ,제주특별자치도 서귀포시 안덕면 녹차분재로 58,132,3.9,37,0,0.0,서귀포시,안덕
썬라이즈135,경양식,영업,제주특별자치도 서귀포시 성산읍 시흥리 1211-3번지 ,제주특별자치도 서귀포시 성산읍 시흥상동로 135,31,4.8,21,0,0.0,서귀포시,성산
제주와인방,호프,영업,제주특별자치도 서귀포시 서홍동 285-3 ,"제주특별자치도 서귀포시 중앙로 199, 1층 4호 (서홍동)",116,4.0,3,0,0.0,서귀포시,서귀포
고집돌우럭 중문,한식,영업,제주특별자치도 서귀포시 색달동 2351번지 ,"제주특별자치도 서귀포시 일주서로 879, 2층 (색달동)",1568,4.9,3131,0,0.0,서귀포시,중문
오르다,한식,영업,제주특별자치도 서귀포시 성산읍 성산리 308 ,"제주특별자치도 서귀포시 성산읍 한도로 269-37, 1,2층",419,3.7,70,0,0.0,서귀포시,성산
남원수제돈까스,일식,영업,제주특별자치도 서귀포시 남원읍 남원리 179-7 ,제주특별자치도 서귀포시 남원읍 남한로 10-1,37,4.1,22,0,0.0,서귀포시,남원
공새미59,한식,영업,제주특별자치도 서귀포시 남원읍 신례리 60-3번지 ,제주특별자치도 서귀포시 남원읍 공천포로 59-1,82,3.7,58,0,0.0,서귀포시,남원
모메든식당,한식,영업,제주특별자치도 서귀포시 일주서로 508 (하원동),제주특별자치도 서귀포시 일주서로 508 (하원동),77,4.3,118,0,0.0,서귀포시,중문
탐라간장게장,한식,영업,제주특별자치도 서귀포시 표선면 표선당포로 10-4,제주특별자치도 서귀포시 표선면 표선당포로 10-4,31,4.8,36,0,0.0,서귀포시,표선
맨도롱해장국,한식,영업,제주특별자치도 서귀포시 서귀동 313-5번지 ,제주특별자치도 서귀포시 태평로353번길 11 (서귀동),67,3.7,107,0,0.0,서귀포시,서귀포
돈이랑,한식,영업,제주특별자치도 서귀포시 색달동 2182번지 ,제주특별자치도 서귀포시 일주서로 953 (색달동),896,4.5,643,0,0.0,서귀포시,중문
돈사향서귀포,한식,영업,"제주특별자치도 서귀포시 서귀동 295-27번지 , 1층 ","제주특별자치도 서귀포시 천지로 20, 1층 (서귀동)",112,4.3,34,0,0.0,서귀포시,서귀포
산방식당,한식,영업,제주특별자치도 서귀포시 대정읍 하모리 864-3번지 ,제주특별자치도 서귀포시 대정읍 하모이삼로 62,198,3.5,142,0,0.0,서귀포시,대정
제주스럽닭,호프,영업,제주특별자치도 서귀포시 중문동 2140-32번지 ,제주특별자치도 서귀포시 중문동 2140-32번지 ,65,3.7,53,0,0.0,서귀포시,중문
부뚜막식당,한식,영업,제주특별자치도 서귀포시 성산읍 고성리 1003-10 ,제주특별자치도 서귀포시 성산읍 고성오조로 11,82,3.9,27,0,0.0,서귀포시,성산
포도호텔레스토랑,경양식,영업,제주특별자치도 서귀포시 안덕면 상천리 산 62-3번지 ,제주특별자치도 서귀포시 안덕면 산록남로 863,47,3.8,24,0,0.0,서귀포시,안덕
문치비,한식,영업,제주특별자치도 서귀포시 강정동 172-2번지 ,제주특별자치도 서귀포시 신서로32번길 14 (강정동),202,4.0,56,0,0.0,서귀포시,중문
복태네갈치탕,한식,영업,제주특별자치도 서귀포시 대정읍 상모리 131-3번지 ,제주특별자치도 서귀포시 대정읍 송악관광로 421,43,4.1,29,0,0.0,서귀포시,대정
돈고팡산방산,한식,영업,제주특별자치도 서귀포시 안덕면 사계리 1935번지 ,제주특별자치도 서귀포시 안덕면 산방로 261,178,3.6,22,0,0.0,서귀포시,안덕
대한민육,한식,영업,제주특별자치도 서귀포시 서귀동 326-27 ,제주특별자치도 서귀포시 서문로 30 (서귀동),158,4.8,146,0,0.0,서귀포시,서귀포
난드르바당,한식,영업,제주특별자치도 서귀포시 하예동 1798-4 ,제주특별자치도 서귀포시 하예하동로16번길 11-1 (하예동),325,3.7,61,0,0.0,서귀포시,안덕
제주밥상,한식,영업,"제주특별자치도 서귀포시 강정동 2498-3번지 , 1층 ","제주특별자치도 서귀포시 이어도로 720, 1층 (강정동)",35,5.0,1,0,0.0,서귀포시,중문
수눌음,한식,영업,제주특별자치도 서귀포시 대정읍 하모리 770-47번지 ,제주특별자치도 서귀포시 대정읍 하모항구로 50,60,4.3,58,0,0.0,서귀포시,대정
빌레왓,한식,영업,제주특별자치도 서귀포시 안덕면 화순리 1244-1번지 ,제주특별자치도 서귀포시 안덕면 화순서동로 14,43,3.8,31,0,0.0,서귀포시,안덕
다도,한식,영업,제주특별자치도 서귀포시 법환동 1556-2번지 ,"제주특별자치도 서귀포시 이어도로 866-29, 1층 (법환동)",130,4.4,81,0,0.0,서귀포시,서귀포
가파도해물짜장짬뽕,중식,영업,제주특별자치도 서귀포시 대정읍 가파리 561-1번지 ,제주특별자치도 서귀포시 대정읍 가파로67번길 1,65,3.9,53,0,0.0,서귀포시,대정
바람에머물다,경양식,영업,제주특별자치도 서귀포시 하효동 1052-3번지 ,제주특별자치도 서귀포시 하효중앙로 5 (하효동),66,3.8,16,0,0.0,서귀포시,서귀포
사우스포레스트,한식,영업,제주특별자치도 서귀포시 상효동 1116-1 ,제주특별자치도 서귀포시 516로 574-23 (상효동),36,4.7,12,0,0.0,서귀포시,서귀포
만선식당,한식,영업,제주특별자치도 서귀포시 대정읍 하모리 770-50번지 ,제주특별자치도 서귀포시 대정읍 하모항구로 44,383,4.0,94,0,0.0,서귀포시,대정
대기정,한식,영업,제주특별자치도 서귀포시 대포동 1787번지 ,제주특별자치도 서귀포시 이어도로 41 (대포동),253,4.1,148,0,0.0,서귀포시,서귀포
돈내코힐리조트,한식,영업,제주특별자치도 서귀포시 상효동 2205번지 ,제주특별자치도 서귀포시 돈내코로 180 (상효동),48,4.1,19,0,0.0,서귀포시,서귀포
청춘괴기,한식,영업,제주특별자치도 서귀포시 법환동 736-5 ,제주특별자치도 서귀포시 김정문화로41번길 24-5 (법환동),214,4.8,173,0,0.0,서귀포시,서귀포
마우돈,한식,영업,제주특별자치도 서귀포시 성산읍 고성리 1064-3번지 ,제주특별자치도 서귀포시 성산읍 서성일로 1240,83,4.1,75,0,0.0,서귀포시,성산
착한갈치,고기,영업,제주특별자치도 서귀포시 보목동 535번지 ,제주특별자치도 서귀포시 보목포로 35 (보목동),163,4.8,147,0,0.0,서귀포시,서귀포
다정이네올레시장,한식,영업,제주특별자치도 서귀포시 서귀동 255-7 ,제주특별자치도 서귀포시 동문로 59-1 (서귀동),218,4.2,264,0,0.0,서귀포시,서귀포
은식당,분식,영업,제주특별자치도 서귀포시 남원읍 113-5번지 ,제주특별자치도 서귀포시 남원읍 태위로 672-2,156,4.1,151,0,0.0,서귀포시,남원
일출로해장국,한식,영업,제주특별자치도 서귀포시 성산읍 고성리 331-7번지 ,제주특별자치도 서귀포시 성산읍 일출로 32-2,101,4.0,77,0,0.0,서귀포시,성산
카페148,카페,영업,제주특별자치도 서귀포시 성산읍 삼달리 437-1번지 1호,"제주특별자치도 서귀포시 성산읍 삼달로 148, 1호",32,4.1,12,0,0.0,서귀포시,성산
제주김만복김밥서귀포,중식,영업,"제주특별자치도 서귀포시 강정동 428-4 , 1층 ","제주특별자치도 서귀포시 월드컵로 117, 1층 (강정동)",226,4.1,422,0,0.0,서귀포시,중문
정희네해물탕,한식,영업,"제주특별자치도 서귀포시 서귀동 316-5 , 지하2층 ","제주특별자치도 서귀포시 중정로 14, 지하2층 (서귀동)",130,3.5,91,0,0.0,서귀포시,서귀포
24시뼈다귀탕중문,한식,영업,제주특별자치도 서귀포시 중문동 2439-1번지 1층 ,"제주특별자치도 서귀포시 중문관광로 335, 1층 (중문동)",56,4.6,10,0,0.0,서귀포시,중문
혜원,고기,영업,제주특별자치도 서귀포시 안덕면 서광리 2326-4번지 1층 ,"제주특별자치도 서귀포시 안덕면 화순서서로 397, 1층",56,4.4,87,0,0.0,서귀포시,안덕
일출봉도식후경,일식,영업,제주특별자치도 서귀포시 성산읍 고성리 531번지 ,"제주특별자치도 서귀포시 성산읍 섭지코지로26번길 6, 1층 6호",85,4.8,95,0,0.0,서귀포시,성산
대평밥상,경양식,영업,제주특별자치도 서귀포시 안덕면 창천리 788-8번지 ,"제주특별자치도 서귀포시 안덕면 난드르로21번길 6-13, 1층",35,4.6,58,0,0.0,서귀포시,안덕
분식후경,한식,영업,제주특별자치도 서귀포시 성산읍 온평리 1110-4 ,제주특별자치도 서귀포시 성산읍 온평포구로62번길 22-1,43,4.7,56,0,0.0,서귀포시,성산
마노카페하우스,카페,영업,제주특별자치도 서귀포시 중문동 1700-1번지 ,제주특별자치도 서귀포시 중문상로 97 (중문동),61,4.8,138,0,0.0,서귀포시,중문
서귀피안,경양식,영업,제주특별자치도 서귀포시 서호동 153-3번지 2동 ,제주특별자치도 서귀포시 서호호근로46번길 68 (서호동),89,3.5,23,0,0.0,서귀포시,서귀포
털보네고양이,한식,영업,제주특별자치도 서귀포시 남원읍 태위로 381,제주특별자치도 서귀포시 남원읍 태위로 381,43,4.4,35,0,0.0,서귀포시,남원
괸당집서귀포신시가지,한식,영업,제주특별자치도 서귀포시 서호동 1477-3번지 ,제주특별자치도 서귀포시 김정문화로 67-1 (서호동),54,4.0,20,0,0.0,서귀포시,서귀포
기운네흑돼지,한식,영업,제주특별자치도 서귀포시 서귀동 321-3번지 ,제주특별자치도 서귀포시 서문로29번길 6 (서귀동),90,4.3,85,0,0.0,서귀포시,서귀포
카페루시아,카페,영업,제주특별자치도 서귀포시 안덕면 창천리 840-2번지 ,제주특별자치도 서귀포시 안덕면 난드르로 49-19,171,4.0,83,0,0.0,서귀포시,안덕
표선흑돼지삼형제,한식,영업,제주특별자치도 서귀포시 표선면 표선리 44-9 ,제주특별자치도 서귀포시 표선면 민속해안로 594,417,3.6,11,0,0.0,서귀포시,표선
괴기집,호프,영업,제주특별자치도 서귀포시 동홍동 176-5번지 ,제주특별자치도 서귀포시 동홍중앙로7번길 3 (동홍동),228,4.4,8,0,0.0,서귀포시,서귀포
커큐민 흑돼지,한식,영업,제주특별자치도 서귀포시 성산읍 고성리 236번지 ,제주특별자치도 서귀포시 성산읍 일출로 84,96,3.8,35,0,0.0,서귀포시,성산
공천포식당,한식,영업,제주특별자치도 서귀포시 남원읍 공천포로 89,제주특별자치도 서귀포시 남원읍 공천포로 89,156,4.1,151,0,0.0,서귀포시,남원
성산옥탑,경양식,영업,제주특별자치도 서귀포시 성산읍 성산리 136-13번지 ,제주특별자치도 서귀포시 성산읍 일출로 270-8,65,4.0,39,0,0.0,서귀포시,성산
까망돼지,한식,영업,제주특별자치도 서귀포시 색달동 2534-9번지 ,제주특별자치도 서귀포시 색달중앙로 21 (색달동),65,3.9,63,0,0.0,서귀포시,중문
이조은식당,한식,영업,제주특별자치도 서귀포시 색달동 2476-3번지 ,제주특별자치도 서귀포시 천제연로 97 (색달동),315,4.0,66,0,0.0,서귀포시,중문
만족한상회,한식,영업,제주특별자치도 서귀포시 중문동 1665-5번지 1층 ,"제주특별자치도 서귀포시 중문상로 58-5, 1층 (중문동)",173,4.6,109,0,0.0,서귀포시,중문
해왓,한식,영업,제주특별자치도 서귀포시 성산읍 고성리 524-2번지 ,제주특별자치도 서귀포시 성산읍 신고로 30-1,592,4.1,129,0,0.0,서귀포시,성산
돈덕이네,고기,영업,제주특별자치도 서귀포시 성산읍 고성리 1444-3번지 ,제주특별자치도 서귀포시 성산읍 고성중앙로 41-8,56,4.8,46,0,0.0,서귀포시,성산
청솔나무집,한식,영업,제주특별자치도 서귀포시 성산읍 성산리 171-8번지 ,제주특별자치도 서귀포시 성산읍 성산중앙로 25,226,3.5,20,0,0.0,서귀포시,성산
모카,카페,영업,제주특별자치도 서귀포시 남원읍 태흥리 50-3번지 ,제주특별자치도 서귀포시 남원읍 태신해안로 125,61,4.2,45,0,0.0,서귀포시,남원
가파도수산,일식,영업,제주특별자치도 서귀포시 대정읍 하모리 2126-11번지 ,"제주특별자치도 서귀포시 대정읍 하모항구로6번길 22, 1층",131,4.6,56,0,0.0,서귀포시,대정
위미동백식당,분식,영업,제주특별자치도 서귀포시 남원읍 위미리 934번지 ,제주특별자치도 서귀포시 남원읍 태위로 278,58,4.5,45,0,0.0,서귀포시,남원
정가네연탄구이,한식,영업,제주특별자치도 서귀포시 성산읍 수산리 274-1번지 ,제주특별자치도 서귀포시 성산읍 서성일로 1047,42,4.7,19,0,0.0,서귀포시,성산
기똥차네,한식,영업,제주특별자치도 서귀포시 성산읍 성산리 234-12번지 ,제주특별자치도 서귀포시 성산읍 성산등용로 13-1,93,4.0,35,0,0.0,서귀포시,성산
막둥이해녀복순이네,한식,영업,제주특별자치도 서귀포시 성산읍 고성리 2133번지 ,제주특별자치도 서귀포시 성산읍 서성일로 1129,44,4.4,42,0,0.0,서귀포시,성산
산도롱맨도롱,한식,영업,제주특별자치도 서귀포시 성산읍 신산리 1036-6번지 ,제주특별자치도 서귀포시 성산읍 일주동로 5105,393,3.5,183,0,0.0,서귀포시,성산
섭지코지화덕피자,양식,영업,제주특별자치도 서귀포시 성산읍 고성리 204-2 ,제주특별자치도 서귀포시 성산읍 신양로 102,74,3.5,29,0,0.0,서귀포시,성산
성산바다,한식,영업,제주특별자치도 서귀포시 성산읍 고성리 864-1번지 ,제주특별자치도 서귀포시 성산읍 신양로 29-2,31,4.0,30,0,0.0,서귀포시,성산
섬사랑,한식,영업,제주특별자치도 서귀포시 서홍동 678번지 ,제주특별자치도 서귀포시 남성중로 2-3 (서홍동),110,3.8,8,0,0.0,서귀포시,서귀포
국수마을,한식,영업,제주특별자치도 서귀포시 성산읍 고성리 298-6번지 ,제주특별자치도 서귀포시 성산읍 동류암로 30,39,3.9,17,0,0.0,서귀포시,성산
최고집,한식,영업,제주특별자치도 서귀포시 서호동 1477-6번지 ,제주특별자치도 서귀포시 김정문화로 71 (서호동),41,4.2,35,0,0.0,서귀포시,서귀포
와갱이,한식,영업,제주특별자치도 서귀포시 성산읍 삼달리 1788-7 ,제주특별자치도 서귀포시 성산읍 중산간동로 4330,46,5.0,1,0,0.0,서귀포시,성산
신산리마을카페,카페,영업,제주특별자치도 서귀포시 성산읍 신산리 1130-2번지 ,제주특별자치도 서귀포시 성산읍 환해장성로 33,38,4.3,48,0,0.0,서귀포시,성산
제이앤클로이,카페,영업,제주특별자치도 서귀포시 대정읍 3869-4번지 ,제주특별자치도 서귀포시 대정읍 무릉중앙로 203,35,3.6,20,0,0.0,서귀포시,대정
큰엉식당,한식,영업,제주특별자치도 서귀포시 남원읍 남원리 2374-1번지 외2필지 2층 ,제주특별자치도 서귀포시 남원읍 태위로 526,56,3.8,30,0,0.0,서귀포시,남원
듀크서프비스트로,한식,영업,제주특별자치도 서귀포시 중문동 2121번지 ,제주특별자치도 서귀포시 천제연로188번길 6-6 (중문동),38,4.7,26,0,0.0,서귀포시,중문
고기의법칙,한식,영업,제주특별자치도 서귀포시 중문동 2083-2 ,제주특별자치도 서귀포시 천제연로 183-1 (중문동),175,4.7,12,0,0.0,서귀포시,중문
페이보리오리,경양식,영업,제주특별자치도 서귀포시 하효동 848 ,제주특별자치도 서귀포시 효돈순환로 252 (하효동),85,4.7,23,0,0.0,서귀포시,서귀포
상모가든,한식,영업,제주특별자치도 서귀포시 대정읍 상모리 3720-1번지 ,제주특별자치도 서귀포시 대정읍 일주서로 2530,32,4.2,19,0,0.0,서귀포시,대정
앙끄레국수,한식,영업,제주특별자치도 서귀포시 법환동 876-1번지 A동 ,제주특별자치도 서귀포시 법환상로2번길 97-18 (법환동),107,3.7,119,0,0.0,서귀포시,서귀포
몰마농,양식,영업,제주특별자치도 서귀포시 성산읍 고성리 594-2번지 ,제주특별자치도 서귀포시 성산읍 환해장성로 929,162,3.8,29,0,0.0,서귀포시,성산
당케올레국수,한식,영업,제주특별자치도 서귀포시 표선면 표선리 40-36번지 ,제주특별자치도 서귀포시 표선면 민속해안로 584,267,3.7,137,0,0.0,서귀포시,표선
빨간맛집성산,한식,영업,제주특별자치도 서귀포시 성산읍 고성리 321-5번지 ,제주특별자치도 서귀포시 성산읍 고성오조로 54,38,3.6,19,0,0.0,서귀포시,성산
유동커피,카페,영업,제주특별자치도 서귀포시 서귀동 581-4번지 ,제주특별자치도 서귀포시 태평로 406-2 (서귀동),334,4.3,333,0,0.0,서귀포시,서귀포
제일수산횟집,해산물,영업,제주특별자치도 서귀포시 서귀동 298-3번지 ,제주특별자치도 서귀포시 중앙로79번길 8 (서귀동),90,4.5,82,0,0.0,서귀포시,서귀포
갈치왕,한식,영업,제주특별자치도 서귀포시 상예동 1719-1 ,제주특별자치도 서귀포시 일주서로 1146 (상예동),401,4.7,328,0,0.0,서귀포시,중문
바다보다,한식,영업,"제주특별자치도 서귀포시 성산읍 고성리 559-4번지 , 1층 ","제주특별자치도 서귀포시 성산읍 신양로122번길 29, 1층",129,3.9,112,0,0.0,서귀포시,성산
뭉치푸줏간,중식,영업,제주특별자치도 서귀포시 성산읍 고성리 298-7 ,제주특별자치도 서귀포시 성산읍 동류암로 50,108,4.8,5,0,0.0,서귀포시,성산
자금성,중식,영업,제주특별자치도 서귀포시 성산읍 성산리 295-8번지 ,제주특별자치도 서귀포시 성산읍 일출로288번길 13,65,4.5,34,0,0.0,서귀포시,성산
표선칼국수,한식,영업,제주특별자치도 서귀포시 표선면 표선리 40-52번지 ,제주특별자치도 서귀포시 표선면 민속해안로 578-3,145,3.9,49,0,0.0,서귀포시,표선
아뜰리에안,한식,영업,제주특별자치도 서귀포시 법환동 1541번지 ,제주특별자치도 서귀포시 막숙포로 166 (법환동),73,4.0,42,0,0.0,서귀포시,서귀포
제2 덕승,한식,영업,제주특별자치도 서귀포시 대정읍 하모리 2126-10번지 ,"제주특별자치도 서귀포시 대정읍 최남단해안로30번길 4, 1층",81,3.9,7,0,0.0,서귀포시,대정
우리들국수,한식,영업,제주특별자치도 서귀포시 성산읍 고성리 224-18번지 1층 ,"제주특별자치도 서귀포시 성산읍 섭지코지로 63, 1층",30,3.9,22,0,0.0,서귀포시,성산
제주곰집,한식,영업,제주특별자치도 서귀포시 강정동 2623-1번지 ,제주특별자치도 서귀포시 이어도로 703-4 (강정동),293,4.6,225,0,0.0,서귀포시,중문
제주커피박물관,카페,영업,제주특별자치도 서귀포시 성산읍 고성리 2040-1번지 ,제주특별자치도 서귀포시 성산읍 서성일로1168번길 89-17,79,3.6,43,0,0.0,서귀포시,성산
서귀포중문마리조아,한식,영업,"제주특별자치도 서귀포시 대포동 2232-1 , 1,2층 ","제주특별자치도 서귀포시 이어도로 215, 1,2층 (대포동)",252,4.8,61,0,0.0,서귀포시,서귀포
이드레국수,한식,영업,제주특별자치도 서귀포시 색달동 2504 ,제주특별자치도 서귀포시 천제연로 93 (색달동),169,3.6,37,0,0.0,서귀포시,중문
탐라갈치요리전문,한식,영업,제주특별자치도 서귀포시 서귀동 89-1번지 ,제주특별자치도 서귀포시 소암로 37 (서귀동),73,3.8,46,0,0.0,서귀포시,서귀포
새벽숯불가든,한식,영업,제주특별자치도 서귀포시 성산읍 오조리 458번지 ,제주특별자치도 서귀포시 성산읍 일주동로 4036,85,3.9,87,0,0.0,서귀포시,성산
팔팔자연산회센타,해산물,영업,제주특별자치도 서귀포시 성산읍 고성리 1170-1번지 ,제주특별자치도 서귀포시 성산읍 일주동로 4213,203,4.2,53,0,0.0,서귀포시,성산
섭지바당,해산물,영업,제주특별자치도 서귀포시 성산읍 고성리 542-9번지 ,제주특별자치도 서귀포시 성산읍 섭지코지로26번길 31,37,4.0,11,0,0.0,서귀포시,성산
큰솔가,한식,영업,제주특별자치도 서귀포시 대포동 2211번지 ,제주특별자치도 서귀포시 이어도로 193 (대포동),127,4.7,61,0,0.0,서귀포시,서귀포
서바당횟집,해산물,영업,제주특별자치도 서귀포시 대정읍 가파리 716번지 ,제주특별자치도 서귀포시 대정읍 마라로 75,63,3.8,23,0,0.0,서귀포시,대정
제주돌하르방밀면,한식,영업,제주특별자치도 서귀포시 중문동 2439-8번지 ,제주특별자치도 서귀포시 중문관광로 331 (중문동),70,3.7,28,0,0.0,서귀포시,중문
제주할망밥상,한식,영업,제주특별자치도 서귀포시 안덕면 화순리 776-5 ,제주특별자치도 서귀포시 안덕면 화순해안로 89,67,4.1,21,0,0.0,서귀포시,안덕
남궁미락,일식,영업,제주특별자치도 서귀포시 서귀동 726-6 ,제주특별자치도 서귀포시 부두로 29 (서귀동),136,4.2,20,0,0.0,서귀포시,서귀포
성산수산식당,한식,영업,제주특별자치도 서귀포시 성산읍 성산리 174-10번지 ,제주특별자치도 서귀포시 성산읍 성산중앙로 29,46,4.6,78,0,0.0,서귀포시,성산
다정한식탁,양식,영업,제주특별자치도 서귀포시 중문동 1430-2번지 2층 ,"제주특별자치도 서귀포시 중문로81번길 5, 2층 (중문동)",30,4.2,29,0,0.0,서귀포시,중문
장수애섬식당,한식,영업,제주특별자치도 서귀포시 서귀동 644-11번지 ,"제주특별자치도 서귀포시 솔동산로 30, 1층 (서귀동)",58,4.4,42,0,0.0,서귀포시,서귀포
남쪽으로튀어브로잉컴퍼니,경양식,영업,제주특별자치도 서귀포시 상예동 584-2 1동 ,"제주특별자치도 서귀포시 예래로 31, 1동 (상예동)",118,4.3,64,0,0.0,서귀포시,중문
강셰프의키친,한식,영업,제주특별자치도 서귀포시 대정읍 무릉리 322-10번지 ,제주특별자치도 서귀포시 대정읍 대한로 558,46,4.7,74,0,0.0,서귀포시,대정
동뜬식당,한식,영업,제주특별자치도 서귀포시 성산읍 성산리 135-2번지 ,제주특별자치도 서귀포시 성산읍 일출로 272-1,92,4.0,17,0,0.0,서귀포시,성산
우정회센타중문,해산물,영업,제주특별자치도 서귀포시 중문동 2085번지 ,"제주특별자치도 서귀포시 천제연로 179, 1층 (중문동)",44,4.1,21,0,0.0,서귀포시,중문
올레자매밥집,한식,영업,제주특별자치도 서귀포시 서귀동 740-10번지 ,제주특별자치도 서귀포시 솔동산로21번길 17 (서귀동),37,3.8,21,0,0.0,서귀포시,서귀포
맛있수다,고기,영업,제주특별자치도 서귀포시 상예동 576-1번지 ,제주특별자치도 서귀포시 예래로 50 (상예동),51,4.2,47,0,0.0,서귀포시,중문
제주올레여행자센터,한식,영업,제주특별자치도 서귀포시 서귀동 316-1번지 ,"제주특별자치도 서귀포시 중정로 22, 1층 (서귀동)",51,4.2,31,0,0.0,서귀포시,서귀포
청호식당,한식,영업,제주특별자치도 서귀포시 성산읍 온평리 661-2번지 ,제주특별자치도 서귀포시 성산읍 온평관전로 94,47,4.5,129,0,0.0,서귀포시,성산
돈장숯불구이,한식,영업,제주특별자치도 서귀포시 성산읍 해맞이해안로 2775,제주특별자치도 서귀포시 성산읍 해맞이해안로 2775,73,4.9,38,0,0.0,서귀포시,성산
삼미흑돼지중문,고기,영업,제주특별자치도 서귀포시 색달동 2275-1번지 ,"제주특별자치도 서귀포시 색달중앙로 33, 1층 (색달동)",44,4.0,80,0,0.0,서귀포시,중문
중문생선구이,한식,영업,제주특별자치도 서귀포시 중문동 2446-1번지 ,제주특별자치도 서귀포시 중문관광로 323 (중문동),49,4.7,14,0,0.0,서귀포시,중문
춘심이네,한식,영업,제주특별자치도 서귀포시 안덕면 창천리 160-4.7 ,제주특별자치도 서귀포시 안덕면 창천중앙로24번길 16,378,3.8,156,0,0.0,서귀포시,안덕
테왁,한식,영업,제주특별자치도 서귀포시 서호동 1551-9번지 1층 ,"제주특별자치도 서귀포시 서호남로32번길 10-4, 1층 (서호동)",30,4.7,45,0,0.0,서귀포시,서귀포
성산장인의집,한식,영업,제주특별자치도 서귀포시 성산읍 시흥리 718-1 ,제주특별자치도 서귀포시 성산읍 일주동로 3968,142,4.7,123,0,0.0,서귀포시,성산
큰돈가서쪽대표,한식,영업,제주특별자치도 서귀포시 대정읍 상모리 126-7 ,"제주특별자치도 서귀포시 대정읍 형제해안로 296, 1층",223,4.1,88,0,0.0,서귀포시,대정
예원이네,한식,영업,제주특별자치도 서귀포시 안덕면 감산리 359-1 ,제주특별자치도 서귀포시 안덕면 일주서로 1524,137,3.8,42,0,0.0,서귀포시,안덕
표선해비치갓더라면,분식,영업,제주특별자치도 서귀포시 표선면 표선리 40-47번지 ,"제주특별자치도 서귀포시 표선면 민속해안로 580, 1층",123,3.5,32,0,0.0,서귀포시,표선
오조삼춘,일식,영업,제주특별자치도 서귀포시 성산읍 성산리 283-2번지 1층 ,"제주특별자치도 서귀포시 성산읍 성산중앙로 63, 1층",37,4.1,30,0,0.0,서귀포시,성산
오전열한시,한식,영업,제주특별자치도 서귀포시 상예동 1765-1번지 ,"제주특별자치도 서귀포시 상예로 248, 1층 (상예동)",341,3.9,55,0,0.0,서귀포시,중문
신흥리국수,한식,영업,제주특별자치도 서귀포시 남원읍 신흥리 168-2번지 ,제주특별자치도 서귀포시 남원읍 일주동로 6624,39,4.4,25,0,0.0,서귀포시,남원
핀크스골프클럽회원제클럽하우스,한식,영업,제주특별자치도 서귀포시 안덕면 상천리 산 62-3 ,제주특별자치도 서귀포시 안덕면 산록남로 863,64,5.0,4,0,0.0,서귀포시,안덕
표선행복한식당,한식,영업,제주특별자치도 서귀포시 표선면 표선리 498 ,제주특별자치도 서귀포시 표선면 표선동서로 268-1,446,3.8,29,0,0.0,서귀포시,표선
성산흑돼지두루치기,한식,영업,제주특별자치도 서귀포시 성산읍 성산리 299-5번지 ,제주특별자치도 서귀포시 성산읍 한도로 255,114,4.1,68,0,0.0,서귀포시,성산
홍성방,중식,영업,제주특별자치도 서귀포시 대정읍 하모리 938-4번지 ,제주특별자치도 서귀포시 대정읍 하모항구로 76,115,4.3,122,0,0.0,서귀포시,대정
섬소나이,양식,영업,제주특별자치도 서귀포시 남원읍 위미리 2917번지 2층 ,"제주특별자치도 서귀포시 남원읍 위미해안로 18, 2층",68,4.0,28,0,0.0,서귀포시,남원
용이식당중문,한식,영업,제주특별자치도 서귀포시 회수동 597-1번지 2층 ,"제주특별자치도 서귀포시 천제연로 364, 2층 (회수동)",33,3.6,36,0,0.0,서귀포시,중문
와토커피,카페,영업,제주특별자치도 서귀포시 대정읍 상모리 3854-5번지 ,제주특별자치도 서귀포시 대정읍 동일하모로 238,106,4.4,87,0,0.0,서귀포시,대정
천지연숯화로구이,한식,영업,제주특별자치도 서귀포시 안덕면 화순리 1799-3번지 ,"제주특별자치도 서귀포시 안덕면 화순로 154-7, 1층",157,4.2,16,0,0.0,서귀포시,안덕
황금손가락산방산,일식,영업,제주특별자치도 서귀포시 안덕면 사계리 125-1 ,제주특별자치도 서귀포시 안덕면 사계남로216번길 33,241,4.7,131,0,0.0,서귀포시,안덕
흑돼지해물삼합,고기,영업,제주특별자치도 서귀포시 서귀동 111-6 ,제주특별자치도 서귀포시 태평로482번길 50 (서귀동),101,4.6,126,0,0.0,서귀포시,서귀포
쉬멍해장국중문,한식,영업,제주특별자치도 서귀포시 색달동 2505번지 ,제주특별자치도 서귀포시 천제연로 85 (색달동),68,4.2,23,0,0.0,서귀포시,중문
도렐,카페,영업,"제주특별자치도 서귀포시 성산읍 고성리 297-1 1,2층 2동 ","제주특별자치도 서귀포시 성산읍 동류암로 20, 2동 1,2층",316,3.7,180,0,0.0,서귀포시,성산
유달식당,한식,영업,제주특별자치도 서귀포시 하효동 314번지 ,제주특별자치도 서귀포시 일주동로 8106 (하효동),45,3.8,31,0,0.0,서귀포시,서귀포
가파도식탁,해산물,영업,제주특별자치도 서귀포시 서귀동 726-11 ,제주특별자치도 서귀포시 부두로 27-1 (서귀동),37,4.7,23,0,0.0,서귀포시,서귀포
덕성원중문,중식,영업,제주특별자치도 서귀포시 중문동 2446-1번지 (2층) ,제주특별자치도 서귀포시 중문관광로 323 (중문동),50,3.7,26,0,0.0,서귀포시,중문
반반한흑돼지,한식,영업,제주특별자치도 서귀포시 표선면 하천리 1308번지 ,제주특별자치도 서귀포시 표선면 번영로 3271-4,126,4.6,14,0,0.0,서귀포시,표선
커뮤니테이블,경양식,영업,제주특별자치도 서귀포시 월평동 471-1번지 ,제주특별자치도 서귀포시 월평로 15 (월평동),45,4.5,51,0,0.0,서귀포시,제주
제주촌집,한식,영업,제주특별자치도 서귀포시 표선면 표선리 567번지 ,제주특별자치도 서귀포시 표선면 표선중앙로59번길 4,100,3.6,37,0,0.0,서귀포시,표선
서광보말칼국수,한식,영업,제주특별자치도 서귀포시 안덕면 서광리 716-1번지 ,제주특별자치도 서귀포시 안덕면 중산간서로 1882,77,3.9,68,0,0.0,서귀포시,안덕
대동강초계탕,한식,영업,제주특별자치도 서귀포시 표선면 세화리 254-6 ,제주특별자치도 서귀포시 표선면 일주동로 6246-1,39,4.5,31,0,0.0,서귀포시,표선
사계의시간,한식,영업,제주특별자치도 서귀포시 안덕면 사계리 132-2번지 ,제주특별자치도 서귀포시 안덕면 사계남로 214,105,4.2,108,0,0.0,서귀포시,안덕
미소녀,분식,영업,제주특별자치도 서귀포시 성산읍 고성리 1134번지 ,제주특별자치도 서귀포시 성산읍 고성중앙로 88,33,4.6,31,0,0.0,서귀포시,성산
코업시티호텔성산,뷔페,영업,"제주특별자치도 서귀포시 성산읍 성산리 250 1,2층 ","제주특별자치도 서귀포시 성산읍 성산등용로 28, 1,2층",113,3.6,98,0,0.0,서귀포시,성산
미향해장국성산,한식,영업,제주특별자치도 서귀포시 성산읍 고성리 1098-1번지 ,"제주특별자치도 서귀포시 성산읍 일출로 9, 1층",101,4.0,77,0,0.0,서귀포시,성산
88버거,경양식,영업,제주특별자치도 서귀포시 서귀동 255-9번지 ,제주특별자치도 서귀포시 동문로 63 (서귀동),410,4.1,261,0,0.0,서귀포시,서귀포
대윤흑돼지,중식,영업,제주특별자치도 서귀포시 서귀동 306-4 ,제주특별자치도 서귀포시 서문로 23 (서귀동),780,4.3,146,0,0.0,서귀포시,서귀포
면맛에입맛이좋아,분식,영업,제주특별자치도 서귀포시 성산읍 수산리 251-1번지 ,제주특별자치도 서귀포시 성산읍 수시로10번길 30,41,4.4,62,0,0.0,서귀포시,성산
올레칠돈,한식,영업,제주특별자치도 서귀포시 월평동 476-7번지 ,"제주특별자치도 서귀포시 월평하원로 20, 1층 (월평동)",56,4.4,38,0,0.0,서귀포시,제주
성산갈치맛집,한식,영업,제주특별자치도 서귀포시 성산읍 오조리 337 ,"제주특별자치도 서귀포시 성산읍 한도로 90, 1층",85,4.2,50,0,0.0,서귀포시,성산
구이구이돌담집,중식,영업,제주특별자치도 서귀포시 강정동 172-7번지 (지하1층) ,제주특별자치도 서귀포시 신서로32번길 8 (강정동),99,3.9,14,0,0.0,서귀포시,중문
우리집흑돼지,고기,영업,제주특별자치도 서귀포시 서귀동 310-38 ,제주특별자치도 서귀포시 서문로41번길 16 (서귀동),165,3.9,10,0,0.0,서귀포시,서귀포
일송회수산,해산물,영업,제주특별자치도 서귀포시 남원읍 위미리 1760-3번지 ,제주특별자치도 서귀포시 남원읍 위미중앙로196번길 13,60,3.8,49,0,0.0,서귀포시,남원
오돈가,중식,영업,제주특별자치도 서귀포시 서귀동 154번지 ,제주특별자치도 서귀포시 태평로 444 (서귀동),298,4.5,59,0,0.0,서귀포시,서귀포
꺼멍목장,고기,영업,제주특별자치도 서귀포시 하원동 1633-2번지 ,제주특별자치도 서귀포시 이어도로 338 (하원동),51,3.8,41,0,0.0,서귀포시,서귀포
제주진미마돈가,한식,영업,제주특별자치도 서귀포시 안덕면 창천리 875-10번지 ,제주특별자치도 서귀포시 안덕면 대평감산로 17,573,4.5,38,0,0.0,서귀포시,안덕
흑돈퍼주는집,한식,영업,제주특별자치도 서귀포시 강정동 4400-11 ,제주특별자치도 서귀포시 이어도로 572-1 (강정동),327,4.7,200,0,0.0,서귀포시,중문
해오름식당,한식,영업,제주특별자치도 서귀포시 성산읍 성산리 143-1번지 ,제주특별자치도 서귀포시 성산읍 일출로 260,112,3.5,22,0,0.0,서귀포시,성산
고은물식당,한식,영업,제주특별자치도 서귀포시 안덕면 화순리 645-1 ,제주특별자치도 서귀포시 안덕면 화순해안로 110,50,4.7,26,0,0.0,서귀포시,안덕
돌섬,한식,영업,제주특별자치도 서귀포시 성산읍 오조리 367-5번지 ,제주특별자치도 서귀포시 성산읍 한도로 109,83,4.2,20,0,0.0,서귀포시,성산
돈방석모슬포8호,일식,영업,제주특별자치도 서귀포시 대정읍 하모리 770-29번지 ,제주특별자치도 서귀포시 대정읍 하모항구로 22-13,417,4.2,37,0,0.0,서귀포시,대정
집나간왕새우바람난조개,호프,영업,제주특별자치도 서귀포시 서귀동 418-5번지 ,제주특별자치도 서귀포시 명동로 14 (서귀동),115,4.2,5,0,0.0,서귀포시,서귀포
운정이네,한식,영업,제주특별자치도 서귀포시 중문동 1239-5번지 ,제주특별자치도 서귀포시 중산간서로 726 (중문동),49,4.1,22,0,0.0,서귀포시,중문
어랑어랑,한식,영업,제주특별자치도 서귀포시 안덕면 사계리 2032-23번지 ,제주특별자치도 서귀포시 안덕면 사계남로 172,87,4.1,16,0,0.0,서귀포시,안덕
온평바다한그릇,호프,영업,제주특별자치도 서귀포시 성산읍 온평리 1192-1번지 ,제주특별자치도 서귀포시 성산읍 환해장성로 467,82,4.1,73,0,0.0,서귀포시,성산
서귀포월드컵리조트,뷔페,영업,제주특별자치도 서귀포시 법환동 978 ,제주특별자치도 서귀포시 월드컵로45번길 40 (법환동),87,4.6,15,0,0.0,서귀포시,서귀포
사계바다,한식,영업,"제주특별자치도 서귀포시 안덕면 사계리 2147-13번지 1,2층 ",제주특별자치도 서귀포시 안덕면 형제해안로 26,33,3.9,75,0,0.0,서귀포시,안덕
오름,경양식,영업,제주특별자치도 서귀포시 표선면 표선리 40-69번지 ,제주특별자치도 서귀포시 표선면 민속해안로 537,236,4.6,82,0,0.0,서귀포시,표선
나원회포차,해산물,영업,제주특별자치도 서귀포시 서귀동 254-6번지 ,제주특별자치도 서귀포시 동문동로 2 (서귀동),219,4.7,84,0,0.0,서귀포시,서귀포
송가네참숯가든,한식,영업,제주특별자치도 서귀포시 남원읍 남원리 1594번지 ,제주특별자치도 서귀포시 남원읍 남위남성로93번길 67,30,4.1,12,0,0.0,서귀포시,남원
서귀포해뜨는집,한식,영업,제주특별자치도 서귀포시 서귀동 279-27번지 ,제주특별자치도 서귀포시 중앙로62번길 27 (서귀동),67,4.6,7,0,0.0,서귀포시,서귀포
글라몬딱,한식,영업,"제주특별자치도 서귀포시 대정읍 최남단해안로 18, 1층","제주특별자치도 서귀포시 대정읍 최남단해안로 18, 1층",113,4.8,8,0,0.0,서귀포시,대정
처가집연탄구이,한식,영업,제주특별자치도 서귀포시 하효동 188번지 ,제주특별자치도 서귀포시 하신상로 12 (하효동),50,4.8,62,0,0.0,서귀포시,서귀포
돈블랙올레시장,한식,영업,제주특별자치도 서귀포시 서귀동 255-13 ,제주특별자치도 서귀포시 중동로48번길 9 (서귀동),107,4.3,16,0,0.0,서귀포시,서귀포
마므레,한식,영업,제주특별자치도 서귀포시 남원읍 남원리 2419-13번지 ,제주특별자치도 서귀포시 남원읍 태위로 456,92,3.9,26,0,0.0,서귀포시,남원
일광회센터,일식,영업,제주특별자치도 서귀포시 중문동 2175번지 ,제주특별자치도 서귀포시 천제연로 142 (중문동),34,4.0,17,0,0.0,서귀포시,중문
마라도에서,중식,영업,제주특별자치도 서귀포시 대정읍 가파리 589번지 ,제주특별자치도 서귀포시 대정읍 마라로 43,263,4.3,69,0,0.0,서귀포시,대정
꽃가람,한식,영업,"제주특별자치도 서귀포시 성산읍 고성동서로 73, 1층","제주특별자치도 서귀포시 성산읍 고성동서로 73, 1층",146,4.0,67,0,0.0,서귀포시,성산
제리스펍,경양식,영업,제주특별자치도 서귀포시 서귀동 716-5번지 ,"제주특별자치도 서귀포시 솔동산로 20, 2층 (서귀동)",41,4.6,22,0,0.0,서귀포시,서귀포
글라글라하와이,경양식,영업,제주특별자치도 서귀포시 대정읍 하모리 770-2번지 ,제주특별자치도 서귀포시 대정읍 하모항구로 70,147,4.1,85,0,0.0,서귀포시,대정
하례정원,양식,영업,제주특별자치도 서귀포시 남원읍 하례리 31-4번지 ,제주특별자치도 서귀포시 남원읍 하례망장포로 39,116,3.8,45,0,0.0,서귀포시,남원
카페만감교차,카페,영업,제주특별자치도 서귀포시 성산읍 온평리 1111-2 ,"제주특별자치도 서귀포시 성산읍 환해장성로 496, 1층",62,4.7,39,0,0.0,서귀포시,성산
돈솔,한식,영업,제주특별자치도 서귀포시 안덕면 화순리 243-3번지 ,제주특별자치도 서귀포시 안덕면 화순로 71,41,5.0,2,0,0.0,서귀포시,안덕
랜딩 다이닝(Landing Dining),뷔페,영업,"제주특별자치도 서귀포시 안덕면 서광리 산 24번지 , 지하1,2층 ","제주특별자치도 서귀포시 안덕면 신화역사로304번길 38, 지하 1,2층",40,4.3,17,0,0.0,서귀포시,안덕
중문국수나라,한식,영업,"제주특별자치도 서귀포시 중문동 1615번지 , 1층 ","제주특별자치도 서귀포시 중문로51번길 2, 1층 (중문동)",64,3.5,13,0,0.0,서귀포시,중문
순덕이네해산물장터,한식,영업,제주특별자치도 서귀포시 성산읍 온평리 1664번지 ,제주특별자치도 서귀포시 성산읍 온평서로 48,56,4.0,44,0,0.0,서귀포시,성산
국수몽,한식,영업,제주특별자치도 서귀포시 중문동 2007-4번지 ,"제주특별자치도 서귀포시 천제연로207번길 1, 1층 (중문동)",107,4.1,18,0,0.0,서귀포시,중문
중문수원음식,한식,영업,제주특별자치도 서귀포시 색달동 2502-1번지 ,제주특별자치도 서귀포시 천제연로 83 (색달동),431,4.7,306,0,0.0,서귀포시,중문
더클리프,중식,영업,"제주특별자치도 서귀포시 색달동 2950-4 1,2층 ","제주특별자치도 서귀포시 중문관광로 154-17, 2층 (색달동)",836,3.9,344,0,0.0,서귀포시,중문
마라도짜장면,중식,영업,제주특별자치도 서귀포시 대정읍 가파리 600-1번지 ,제주특별자치도 서귀포시 대정읍 마라로101번길 46,94,4.3,168,0,0.0,서귀포시,대정
장가네해장국,한식,영업,제주특별자치도 서귀포시 중문동 2128-1번지 ,"제주특별자치도 서귀포시 중문상로17번길 4, B동 1~3호 (중문동)",43,4.4,22,0,0.0,서귀포시,중문
센트로,호프,영업,제주특별자치도 서귀포시 서귀동 172-4번지 ,"제주특별자치도 서귀포시 태평로 449, 1층 (서귀동)",99,4.5,66,0,0.0,서귀포시,서귀포
바당국수,분식,영업,제주특별자치도 서귀포시 서귀동 269-21번지 ,제주특별자치도 서귀포시 동문동로 21-1 (서귀동),63,3.8,57,0,0.0,서귀포시,서귀포
동성수산횟집,해산물,영업,제주특별자치도 서귀포시 대정읍 하모리 2133-1번지 ,제주특별자치도 서귀포시 대정읍 최남단해안로 46,214,3.7,56,0,0.0,서귀포시,대정
푸줏간쌀롱,한식,영업,제주특별자치도 서귀포시 대정읍 하모리 1089-30 ,제주특별자치도 서귀포시 대정읍 신영로36번길 47,36,5.0,13,0,0.0,서귀포시,대정
이루후제,한식,영업,제주특별자치도 서귀포시 남원읍 하례리 210번지 ,제주특별자치도 서귀포시 남원읍 하신로 63,76,4.4,38,0,0.0,서귀포시,남원
제주해조네보말성게전문,한식,영업,제주특별자치도 서귀포시 안덕면 창천리 876-4 ,제주특별자치도 서귀포시 안덕면 대평감산로 12,352,4.5,501,0,0.0,서귀포시,안덕
토끼트멍,한식,영업,제주특별자치도 서귀포시 안덕면 사계리 2032-11번지 ,제주특별자치도 서귀포시 안덕면 사계남로 182,100,3.7,39,0,0.0,서귀포시,안덕
제주약수터올레시장,호프,영업,제주특별자치도 서귀포시 서귀동 292-1번지 ,"제주특별자치도 서귀포시 중앙로48번길 10, 1층 (서귀동)",263,4.7,57,0,0.0,서귀포시,서귀포
카페가드니아,카페,영업,제주특별자치도 서귀포시 표선면 표선리 1476-4번지 ,"제주특별자치도 서귀포시 표선면 표선동서로 151, 1층",31,4.6,12,0,0.0,서귀포시,표선
국수의전설,한식,영업,제주특별자치도 서귀포시 신효동 773 ,제주특별자치도 서귀포시 효돈로 108 (신효동),131,3.9,52,0,0.0,서귀포시,서귀포
솔동산고기국수,한식,영업,제주특별자치도 서귀포시 서귀동 724-5번지 ,제주특별자치도 서귀포시 부두로 23 (서귀동),90,4.0,98,0,0.0,서귀포시,서귀포
바다여행횟집,해산물,영업,제주특별자치도 서귀포시 표선면 표선리 40-44번지 ,제주특별자치도 서귀포시 표선면 민속해안로 582,153,4.4,43,0,0.0,서귀포시,표선
성산미소복집,한식,영업,제주특별자치도 서귀포시 성산읍 수산리 1695번지 1층 102호,"제주특별자치도 서귀포시 성산읍 서성일로 872-6, 1층 102호",68,3.5,8,0,0.0,서귀포시,성산
중섭이네식당,경양식,영업,제주특별자치도 서귀포시 서귀동 528-5번지 ,제주특별자치도 서귀포시 이중섭로 19 (서귀동),53,3.7,24,0,0.0,서귀포시,서귀포
하버39,양식,영업,제주특별자치도 서귀포시 서귀동 650-1 ,"제주특별자치도 서귀포시 천지연로 39, 1층 (서귀동)",61,3.9,18,0,0.0,서귀포시,서귀포
상원가든,한식,영업,제주특별자치도 서귀포시 대정읍 상모리 3052번지 ,제주특별자치도 서귀포시 대정읍 송악관광로 132,32,4.2,19,0,0.0,서귀포시,대정
성산마씸,한식,영업,제주특별자치도 서귀포시 성산읍 성산리 299-1번지 ,"제주특별자치도 서귀포시 성산읍 한도로 257, 1층",194,3.5,26,0,0.0,서귀포시,성산
육떡식당,분식,영업,제주특별자치도 서귀포시 중문동 2130-11번지 ,"제주특별자치도 서귀포시 천제연로178번길 19, 1층 (중문동)",40,4.1,30,0,0.0,서귀포시,중문
흑미진,한식,영업,제주특별자치도 서귀포시 성산읍 고성리 443-1 ,"제주특별자치도 서귀포시 성산읍 섭지코지로25번길 34, 1층",30,3.5,20,0,0.0,서귀포시,성산
보롬왓,카페,영업,제주특별자치도 서귀포시 표선면 성읍리 3229-4번지 ,제주특별자치도 서귀포시 표선면 번영로 2350-104,642,3.5,90,0,0.0,서귀포시,표선
노리 매,한식,영업,제주특별자치도 서귀포시 대정읍 구억리 654-1번지 ,제주특별자치도 서귀포시 대정읍 중산간서로 2260-15,115,3.7,34,0,0.0,서귀포시,대정
사계180카페,카페,영업,제주특별자치도 서귀포시 안덕면 사계리 255-9번지 ,"제주특별자치도 서귀포시 안덕면 사계로114번길 54-64, 2층",1844,4.0,450,0,0.0,서귀포시,안덕
고메밀면,한식,영업,제주특별자치도 서귀포시 안덕면 사계리 199-1번지 ,제주특별자치도 서귀포시 안덕면 산방로 248,36,4.0,28,0,0.0,서귀포시,안덕
공새미솥뚜껑,한식,영업,"제주특별자치도 서귀포시 남원읍 신례리 36-1번지 , 1층 ","제주특별자치도 서귀포시 남원읍 신례로 10, 1층",39,4.8,5,0,0.0,서귀포시,남원
중문보말칼국수,한식,영업,제주특별자치도 서귀포시 중문동 2056-4 ,제주특별자치도 서귀포시 천제연로 190 (중문동),191,4.6,17,0,0.0,서귀포시,중문
청춘괴기동홍,한식,영업,제주특별자치도 서귀포시 동홍동 97-1 ,"제주특별자치도 서귀포시 동홍동로 27, 1층 107호 (동홍동)",149,4.9,93,0,0.0,서귀포시,서귀포
참방참방,해산물,영업,제주특별자치도 서귀포시 대정읍 하모리 940-5번지 ,"제주특별자치도 서귀포시 대정읍 신영로 77-4, 1층",57,4.8,18,0,0.0,서귀포시,대정
올디벗구디,외국요리,영업,"제주특별자치도 서귀포시 도순동 904-1번지 , 1층,2층 ","제주특별자치도 서귀포시 일주서로 330, 1층 (도순동)",94,4.2,37,0,0.0,서귀포시,서귀포
한와담,한식,영업,"제주특별자치도 서귀포시 안덕면 서광리 1418-1번지 , 1층 107호","제주특별자치도 서귀포시 안덕면 녹차분재로 44-5, 1층 107호",60,3.5,17,0,0.0,서귀포시,안덕
카페바나나중문,카페,영업,제주특별자치도 서귀포시 색달동 2353번지 ,제주특별자치도 서귀포시 일주서로 875 (색달동),982,4.8,154,0,0.0,서귀포시,중문
제주선채향,한식,영업,제주특별자치도 서귀포시 안덕면 사계리 2294-2번지 ,제주특별자치도 서귀포시 안덕면 사계남로84번길 6,161,4.8,289,0,0.0,서귀포시,안덕
핫마마,패스트푸드,영업,제주특별자치도 서귀포시 안덕면 서광리 1224-54 ,제주특별자치도 서귀포시 안덕면 녹차분재로 193,51,3.7,14,0,0.0,서귀포시,안덕
소담소담,고기,영업,제주특별자치도 서귀포시 성산읍 고성리 307-11번지 별동 1층 ,"제주특별자치도 서귀포시 성산읍 고성동서로 76, 별동 1층",67,3.8,12,0,0.0,서귀포시,성산
헬로우보일링크랩,한식,영업,제주특별자치도 서귀포시 서호동 128-6번지 ,"제주특별자치도 서귀포시 이어도로 1048, 1층 (서호동)",62,4.7,54,0,0.0,서귀포시,서귀포
화순평양면옥,한식,영업,제주특별자치도 서귀포시 안덕면 화순리 1091-8번지 1층 ,"제주특별자치도 서귀포시 안덕면 화순로 128, 1층",36,4.2,53,0,0.0,서귀포시,안덕
호정이네,한식,영업,제주특별자치도 서귀포시 대정읍 하모리 770-45 1층 ,"제주특별자치도 서귀포시 대정읍 하모항구로 22-11, 1층",68,4.4,41,0,0.0,서귀포시,대정
김가네흑돼지,호프,영업,제주특별자치도 서귀포시 서귀동 271-42번지 ,제주특별자치도 서귀포시 중정로91번길 25-1 (서귀동),137,4.7,49,0,0.0,서귀포시,서귀포
귤밭사이로수제돈가스,경양식,영업,제주특별자치도 서귀포시 강정동 587-1번지 ,제주특별자치도 서귀포시 이어도로 845 (강정동),72,3.9,25,0,0.0,서귀포시,중문
마담조,경양식,영업,제주특별자치도 서귀포시 강정동 1416-3 ,"제주특별자치도 서귀포시 신서로 69, 102동 1층 101호 (강정동, 강정지예타운)",32,4.7,45,0,0.0,서귀포시,중문
당포로나인돈카츠,일식,영업,"제주특별자치도 서귀포시 표선면 표선리 43-1 , 1층 ","제주특별자치도 서귀포시 표선면 표선당포로 9, 1층",75,4.5,84,0,0.0,서귀포시,표선
흑돼지브라더스,한식,영업,제주특별자치도 서귀포시 남원읍 위미리 1432-1 ,"제주특별자치도 서귀포시 남원읍 위미대성로 58, 1층",284,4.2,29,0,0.0,서귀포시,남원
탐라는초코솜이,분식,영업,제주특별자치도 서귀포시 안덕면 동광리 80-12 ,"제주특별자치도 서귀포시 안덕면 신화역사로 669, 1층",34,4.8,27,0,0.0,서귀포시,안덕
의문당,카페,영업,제주특별자치도 서귀포시 안덕면 서광리 2518번지 ,"제주특별자치도 서귀포시 안덕면 신화역사로304번길 139, 1층 112호",35,4.4,13,0,0.0,서귀포시,안덕
중문정,한식,영업,제주특별자치도 서귀포시 상예동 1757-1번지 ,"제주특별자치도 서귀포시 상예로 226, 1층 (상예동)",61,4.7,55,0,0.0,서귀포시,중문
검은노루,한식,영업,제주특별자치도 서귀포시 대정읍 상모리 3169-10번지 가원가든 ,"제주특별자치도 서귀포시 대정읍 상모로 257, 1층",47,4.6,69,0,0.0,서귀포시,대정
오로라공주,카페,영업,제주특별자치도 서귀포시 안덕면 상창리 2468-4번지 ,"제주특별자치도 서귀포시 안덕면 중산간서로1615번길 252-11, 1층",39,4.9,9,0,0.0,서귀포시,안덕
신왕,중식,영업,제주특별자치도 서귀포시 성산읍 고성리 205-6번지 ,"제주특별자치도 서귀포시 성산읍 신양로 112, 1층",88,4.7,58,0,0.0,서귀포시,성산
맛둥이,한식,영업,제주특별자치도 서귀포시 서귀동 291-40번지 명동의류타운 ,"제주특별자치도 서귀포시 중앙로 50, 1층 (서귀동)",56,4.1,10,0,0.0,서귀포시,서귀포
스시아카리(shusi akari),일식,영업,제주특별자치도 서귀포시 서홍동 443-27 ,"제주특별자치도 서귀포시 중앙로101번길 26, 1층 (서홍동)",56,4.1,10,0,0.0,서귀포시,서귀포
잇뽕사계,중식,영업,제주특별자치도 서귀포시 안덕면 사계리 385-1 ,"제주특별자치도 서귀포시 안덕면 사계로114번길 54-12, 1층 105,106호",97,4.2,21,0,0.0,서귀포시,안덕
다정이네김밥서귀포신시가지,한식,영업,제주특별자치도 서귀포시 강정동 893-1 ,"제주특별자치도 서귀포시 이어도로 796, 1층 (강정동)",112,4.3,121,0,0.0,서귀포시,중문
신우성,중식,영업,제주특별자치도 서귀포시 색달동 2822-2번지 ,"제주특별자치도 서귀포시 중문관광로72번길 29-9, 지하1층 (색달동)",48,4.7,827,0,0.0,서귀포시,중문
창흥상회편의포차,한식,영업,제주특별자치도 서귀포시 서홍동 267-2번지 ,"제주특별자치도 서귀포시 중산간동로 8052, 1층 (서홍동)",106,5.0,3,0,0.0,서귀포시,서귀포
피자베이대정,패스트푸드,영업,제주특별자치도 서귀포시 대정읍 하모리 870-1번지 ,"제주특별자치도 서귀포시 대정읍 하모이삼로 56, 1층",32,4.3,7,0,0.0,서귀포시,대정
유안이네,한식,영업,제주특별자치도 서귀포시 상예동 4751-1번지 ,"제주특별자치도 서귀포시 일주서로 1287, 1층 (상예동)",333,4.1,7,0,0.0,서귀포시,중문
은희네해장국서귀포,한식,영업,제주특별자치도 서귀포시 토평동 1001-7번지 ,"제주특별자치도 서귀포시 516로 84, 1층 (토평동)",87,4.1,57,0,0.0,서귀포시,서귀포
올레왕갈치,한식,영업,제주특별자치도 서귀포시 서귀동 292-17번지 김상훈피부비뇨기과 ,"제주특별자치도 서귀포시 중앙로42번길 9, 1층 (서귀동)",371,4.5,66,0,0.0,서귀포시,서귀포
남원포구식당신화,한식,영업,제주특별자치도 서귀포시 안덕면 동광리 940-2번지 102호,"제주특별자치도 서귀포시 안덕면 한창로 606, 1층 102호",30,3.6,32,0,0.0,서귀포시,안덕
산지해장국,한식,영업,제주특별자치도 서귀포시 성산읍 성산리 175-4번지 ,"제주특별자치도 서귀포시 성산읍 성산중앙로 30-4, 1층",59,4.7,51,0,0.0,서귀포시,성산
제주로운청해원,한식,영업,제주특별자치도 서귀포시 성산읍 고성리 212-13번지 ,"제주특별자치도 서귀포시 성산읍 신양로 101, 1층",58,3.9,46,0,0.0,서귀포시,성산
만월당,외국요리,영업,제주특별자치도 서귀포시 남원읍 남원리 2336-4 ,제주특별자치도 서귀포시 남원읍 남원체육관로 191,575,3.6,25,0,0.0,서귀포시,남원
네이처캔버스,외국요리,영업,제주특별자치도 서귀포시 남원읍 신례리 829-5번지 ,"제주특별자치도 서귀포시 남원읍 중산간동로 7129, 1층",53,4.7,31,0,0.0,서귀포시,남원
사계생활,외국요리,영업,제주특별자치도 서귀포시 안덕면 사계리 2819-1번지 ,"제주특별자치도 서귀포시 안덕면 산방로 380, 1층",104,4.1,45,0,0.0,서귀포시,안덕
아주르블루,경양식,영업,제주특별자치도 서귀포시 남원읍 남원리 46-1번지 1층 ,"제주특별자치도 서귀포시 남원읍 남원회관로 104, 1층",30,4.6,28,0,0.0,서귀포시,남원
마녀상회,한식,영업,제주특별자치도 서귀포시 대정읍 무릉리 3815-1 제3동 ,제주특별자치도 서귀포시 대정읍 무릉리 3815-1 제3동 ,41,3.7,12,0,0.0,서귀포시,대정
표선우동가게,한식,영업,제주특별자치도 서귀포시 표선면 표선리 670-1번지 ,"제주특별자치도 서귀포시 표선면 표선관정로 105-1, 1층",161,4.2,56,0,0.0,서귀포시,표선
산우,일식,영업,제주특별자치도 서귀포시 대정읍 하모리 2126-15번지 ,"제주특별자치도 서귀포시 대정읍 하모항구로6번길 28, 2층",71,4.3,26,0,0.0,서귀포시,대정
사계치킨,호프,영업,제주특별자치도 서귀포시 안덕면 사계리 126-2번지 112호,"제주특별자치도 서귀포시 안덕면 사계남로216번길 31, B동 1층 112호",92,4.8,12,0,0.0,서귀포시,안덕
서귀포시 축협청정제주촌,한식,영업,제주특별자치도 서귀포시 서호동 1615-10 2층 201호,"제주특별자치도 서귀포시 서호남로 65, 2층 201호 (서호동)",92,4.8,12,0,0.0,서귀포시,서귀포
깔루아,한식,영업,제주특별자치도 서귀포시 안덕면 사계리 126-2번지 1층 105호,"제주특별자치도 서귀포시 안덕면 사계남로216번길 31, 1층 105호",114,4.9,20,0,0.0,서귀포시,안덕
소소식당,한식,영업,제주특별자치도 서귀포시 대포동 1576-1번지 1층 ,"제주특별자치도 서귀포시 대포로 69-12, 1층 (대포동)",52,4.6,51,0,0.0,서귀포시,서귀포
코코마마성산,중식,영업,제주특별자치도 서귀포시 성산읍 성산리 140-8번지 ,제주특별자치도 서귀포시 성산읍 일출로 258-11,530,3.9,171,0,0.0,서귀포시,성산
세러데이아일랜드,경양식,영업,제주특별자치도 서귀포시 남원읍 남원리 1262번지 ,"제주특별자치도 서귀포시 남원읍 남한로21번길 28, 1층",126,3.9,19,0,0.0,서귀포시,남원
제주호랭이사계,분식,영업,제주특별자치도 서귀포시 안덕면 사계리 2840 ,제주특별자치도 서귀포시 안덕면 사계로 3,110,3.8,41,0,0.0,서귀포시,안덕
서유기마라탕,한식,영업,제주특별자치도 서귀포시 안덕면 서광리 산 24번지 1층 F005동 ,"제주특별자치도 서귀포시 안덕면 신화역사로304번길 38, F005동 1층",84,4.0,10,0,0.0,서귀포시,안덕
달둥이네식당,한식,영업,제주특별자치도 서귀포시 안덕면 사계리 387-7번지 ,"제주특별자치도 서귀포시 안덕면 사계로114번길 54-26, 1층",42,4.7,13,0,0.0,서귀포시,안덕
키작은삼촌,한식,영업,제주특별자치도 서귀포시 성산읍 고성리 1012-1번지 1층 ,"제주특별자치도 서귀포시 성산읍 일주동로 4304, 1층",36,4.1,30,0,0.0,서귀포시,성산
성산을본갈치,한식,영업,제주특별자치도 서귀포시 성산읍 성산리 296-3 2층 ,"제주특별자치도 서귀포시 성산읍 성산중앙로64번길 5-4, 2층",427,3.7,20,0,0.0,서귀포시,성산
산방산그때그집,한식,영업,제주특별자치도 서귀포시 안덕면 사계리 126-1번지 ,"제주특별자치도 서귀포시 안덕면 사계남로216번길 29, A동 2층 204호",165,4.7,36,0,0.0,서귀포시,안덕
조조모모,일식,영업,제주특별자치도 서귀포시 안덕면 창천리 812-1번지 ,"제주특별자치도 서귀포시 안덕면 난드르로 17, 1층",52,4.3,22,0,0.0,서귀포시,안덕
오르바,경양식,영업,"제주특별자치도 서귀포시 보목동 274-9번지 1,2층 ","제주특별자치도 서귀포시 보목포로 78, 1,2층 (보목동)",86,4.7,88,0,0.0,서귀포시,서귀포
팔미돈가,고기,영업,제주특별자치도 서귀포시 안덕면 사계리 875번지 ,"제주특별자치도 서귀포시 안덕면 사계로 187-3, 제1동 1층",55,4.0,19,0,0.0,서귀포시,안덕
취향의섬,한식,영업,제주특별자치도 서귀포시 남원읍 위미리 49-4번지 ,제주특별자치도 서귀포시 남원읍 태위로398번길 7,33,4.5,38,0,0.0,서귀포시,남원
남쪽바람,한식,영업,제주특별자치도 서귀포시 남원읍 태흥리 1856-1 ,"제주특별자치도 서귀포시 남원읍 태수로143번길 133-4, 1층",30,4.8,14,0,0.0,서귀포시,남원
제주고로,일식,영업,제주특별자치도 서귀포시 대정읍 무릉리 2892-1번지 ,제주특별자치도 서귀포시 대정읍 서삼중로 94,117,4.3,61,0,0.0,서귀포시,대정
삼원정,한식,영업,제주특별자치도 서귀포시 색달동 2285-7번지 1층 ,"제주특별자치도 서귀포시 색달중앙로 44, 1층 (색달동)",67,4.3,14,0,0.0,서귀포시,중문
범식당,일식,영업,제주특별자치도 서귀포시 성산읍 오조리 343번지 2층 ,"제주특별자치도 서귀포시 성산읍 한도로 66, 2층",56,4.3,52,0,0.0,서귀포시,성산
다다익고정육식당,한식,영업,"제주특별자치도 서귀포시 색달동 2137-6번지 , 1층 ","제주특별자치도 서귀포시 색달로 25, 1층 (색달동)",76,3.9,41,0,0.0,서귀포시,중문
미향해장국플레이사계,한식,영업,제주특별자치도 서귀포시 안덕면 사계리 126-2 ,"제주특별자치도 서귀포시 안덕면 사계남로216번길 31, 2층 204,205호",50,4.9,7,0,0.0,서귀포시,안덕
애나의숲브런치카페,카페,영업,제주특별자치도 서귀포시 서귀동 258-1 ,제주특별자치도 서귀포시 중동로48번길 8 (서귀동),37,4.2,24,0,0.0,서귀포시,서귀포
신쭈꾸미제주사계,한식,영업,제주특별자치도 서귀포시 안덕면 사계리 126-2 1층 B동 114호,"제주특별자치도 서귀포시 안덕면 사계남로216번길 31, B동 1층 114호",97,4.6,14,0,0.0,서귀포시,안덕
피자굽는돌하르방,경양식,영업,제주특별자치도 서귀포시 성산읍 성산리 170-13 ,"제주특별자치도 서귀포시 성산읍 성산중앙로19번길 14, 2층",31,4.6,21,0,0.0,서귀포시,성산
이공이시,일식,영업,제주특별자치도 서귀포시 색달동 2822-2 ,"제주특별자치도 서귀포시 중문관광로72번길 29-9, 1층 (색달동)",86,4.8,662,0,0.0,서귀포시,중문
하와이안비치카페,카페,영업,제주특별자치도 서귀포시 성산읍 고성리 559-17 ,"제주특별자치도 서귀포시 성산읍 신양로122번길 57, 2층",51,4.9,54,0,0.0,서귀포시,성산
제미니국수,한식,영업,제주특별자치도 서귀포시 하효동 995-6 ,"제주특별자치도 서귀포시 쇠소깍로 134, 1층 (하효동)",81,4.1,41,0,0.0,서귀포시,서귀포
제주순메밀막국수,한식,영업,제주특별자치도 서귀포시 안덕면 서광리 1413-3 ,"제주특별자치도 서귀포시 안덕면 녹차분재로 60, 1층",450,3.6,83,0,0.0,서귀포시,안덕
매일올레돈,한식,영업,제주특별자치도 서귀포시 서귀동 278-9 ,"제주특별자치도 서귀포시 중앙로62번길 17, 1층 (서귀동)",317,4.4,116,0,0.0,서귀포시,서귀포
카페1950,카페,영업,제주특별자치도 서귀포시 색달동 2864-10 ,"제주특별자치도 서귀포시 중문관광로 90, A동 1층 (색달동)",78,3.7,13,0,0.0,서귀포시,중문
카페갤럭시아,카페,영업,"제주특별자치도 서귀포시 안덕면 사계리 126-1 1,2층 A동 105,206호","제주특별자치도 서귀포시 안덕면 사계남로216번길 29, A동 1,2층 105,206호",279,3.9,21,0,0.0,서귀포시,안덕
제주푸줏간,고기,영업,제주특별자치도 서귀포시 안덕면 동광리 1602 1층 상가동 1102~호,"제주특별자치도 서귀포시 안덕면 신화역사로 423, 상가동 1층 1102~1104호",99,4.1,9,0,0.0,서귀포시,안덕
슌식당,일식,영업,제주특별자치도 서귀포시 성산읍 시흥리 1127 ,제주특별자치도 서귀포시 성산읍 시흥상동로 87,41,4.7,23,0,0.0,서귀포시,성산
용왕난드르음식,한식,영업,제주특별자치도 서귀포시 안덕면 창천리 876-11 ,제주특별자치도 서귀포시 안덕면 대평감산로 8,99,4.3,27,0,0.0,서귀포시,안덕
돈블럭,한식,영업,제주특별자치도 서귀포시 회수동 980 ,"제주특별자치도 서귀포시 천제연로 303, 1층 (회수동)",30,5.0,9,0,0.0,서귀포시,중문
제주물회야시장 횟집학개론,한식,영업,제주특별자치도 서귀포시 대정읍 구억리 981 ,"제주특별자치도 서귀포시 대정읍 영어도시로 26, 1층",303,4.0,62,0,0.0,서귀포시,대정
소규모,한식,영업,제주특별자치도 서귀포시 안덕면 서광리 2092-2 ,제주특별자치도 서귀포시 안덕면 서광남로115번길 12,33,4.7,21,0,0.0,서귀포시,안덕
인스밀,한식,영업,제주특별자치도 서귀포시 대정읍 일과리 1291 ,"제주특별자치도 서귀포시 대정읍 일과대수로27번길 22, 1층",491,3.5,84,0,0.0,서귀포시,대정
신토생선구이식당,한식,영업,제주특별자치도 서귀포시 대정읍 하모리 2138-1 ,제주특별자치도 서귀포시 대정읍 최남단해안로 31,62,3.6,7,0,0.0,서귀포시,대정
토스카나호텔카라라(carrara),외국요리,영업,제주특별자치도 서귀포시 강정동 3704 ,"제주특별자치도 서귀포시 용흥로66번길 158-7, G동 1층 (강정동)",143,4.2,100,0,0.0,서귀포시,중문
성산포,분식,영업,제주특별자치도 서귀포시 성산읍 성산리 298-23 ,"제주특별자치도 서귀포시 성산읍 한도로 268, 1층",44,3.5,19,0,0.0,서귀포시,성산
하이드어웨이,경양식,영업,제주특별자치도 서귀포시 안덕면 사계리 2032-7 ,"제주특별자치도 서귀포시 안덕면 사계남로 186-8, B동",87,3.7,37,0,0.0,서귀포시,안덕
산방산해물라면오빠네,분식,영업,제주특별자치도 서귀포시 안덕면 사계리 171번지 101호,"제주특별자치도 서귀포시 안덕면 사계남로216번길 24-68, 1층 2호",125,4.0,36,0,0.0,서귀포시,안덕
사계전복,한식,영업,제주특별자치도 서귀포시 안덕면 사계리 933번지 ,제주특별자치도 서귀포시 안덕면 사계로 207,59,3.8,33,0,0.0,서귀포시,안덕
대포칼제비,한식,영업,제주특별자치도 서귀포시 대포동 747번지 ,제주특별자치도 서귀포시 중문관광로 338 (대포동),47,4.6,76,0,0.0,서귀포시,서귀포
론푸드차이나,한식,영업,제주특별자치도 서귀포시 중문동 2035-5번지 ,제주특별자치도 서귀포시 천제연로208번길 3 (중문동),37,4.2,73,0,0.0,서귀포시,중문
카푸치노,카페,영업,제주특별자치도 서귀포시 대정읍 하모리 1407-2번지 ,제주특별자치도 서귀포시 대정읍 동일하모로 211,125,4.0,57,0,0.0,서귀포시,대정
삼이사,한식,영업,제주특별자치도 서귀포시 서귀동 496번지 ,제주특별자치도 서귀포시 명동로 6 (서귀동),145,3.5,15,0,0.0,서귀포시,서귀포
항구식당,일식,영업,제주특별자치도 서귀포시 대정읍 하모리 770-7번지 ,제주특별자치도 서귀포시 대정읍 하모항구로 64,52,4.3,71,0,0.0,서귀포시,대정
부두식당,한식,영업,제주특별자치도 서귀포시 대정읍 하모리 770-9번지 ,제주특별자치도 서귀포시 대정읍 하모항구로 62,244,3.7,107,0,0.0,서귀포시,대정
해심갈비,한식,영업,제주특별자치도 서귀포시 중문동 2018-8 ,제주특별자치도 서귀포시 천제연로 203-4 (중문동),92,3.9,83,0,0.0,서귀포시,중문
대포횟집,해산물,영업,제주특별자치도 서귀포시 대포동 2184번지 ,제주특별자치도 서귀포시 대포로 169 (대포동),192,3.8,27,0,0.0,서귀포시,서귀포
한아름식당,한식,영업,제주특별자치도 서귀포시 표선면 세화리 1177-1번지 ,제주특별자치도 서귀포시 표선면 세성로 265,37,4.7,51,0,0.0,서귀포시,표선
그리운바다성산포,한식,영업,제주특별자치도 서귀포시 성산읍 성산리 360-10 ,제주특별자치도 서귀포시 성산읍 성산등용로 94,129,3.9,112,0,0.0,서귀포시,성산
1100고지휴게소,분식,영업,제주특별자치도 서귀포시 색달동 산 1-3번지 ,제주특별자치도 서귀포시 1100로 1555 (색달동),94,3.5,24,0,0.0,서귀포시,중문
대포동산횟집,해산물,영업,제주특별자치도 서귀포시 대포동 2185-1 ,제주특별자치도 서귀포시 이어도로 164 (대포동),88,3.6,12,0,0.0,서귀포시,서귀포
덕승식당,한식,영업,제주특별자치도 서귀포시 대정읍 하모리 770-3번지 ,제주특별자치도 서귀포시 대정읍 하모항구로 66,64,3.6,69,0,0.0,서귀포시,대정
성산일출봉청운식당,일식,영업,제주특별자치도 서귀포시 성산읍 성산리 192-2 ,제주특별자치도 서귀포시 성산읍 일출로 285,171,4.6,592,0,0.0,서귀포시,성산
불막열삼신서귀포,한식,영업,제주특별자치도 서귀포시 강정동 167-3 ,제주특별자치도 서귀포시 신서로48번길 12 (강정동),59,5.0,3,0,0.0,서귀포시,중문
어멍뚝배기,한식,영업,제주특별자치도 서귀포시 서귀동 768번지 ,제주특별자치도 서귀포시 부두로 35 (서귀동),125,4.0,76,0,0.0,서귀포시,서귀포
새만부정,한식,영업,제주특별자치도 서귀포시 서귀동 72번지 ,제주특별자치도 서귀포시 칠십리로 135 (서귀동),50,5.0,44,0,0.0,서귀포시,서귀포
구두미,고기,영업,제주특별자치도 서귀포시 보목동 1289-2번지 ,"제주특별자치도 서귀포시 문필로 71, 1층 (보목동)",64,4.8,62,0,0.0,서귀포시,서귀포
수마,한식,영업,제주특별자치도 서귀포시 성산읍 성산리 142번지 ,제주특별자치도 서귀포시 성산읍 일출로 264-6,110,4.7,105,0,0.0,서귀포시,성산
국수명가,한식,영업,제주특별자치도 서귀포시 안덕면 사계리 142-1 ,제주특별자치도 서귀포시 안덕면 사계남로216번길 47,44,3.9,37,0,0.0,서귀포시,안덕
카페이피엘,카페,영업,"제주특별자치도 서귀포시 남원읍 위미리 3166-1번지 지하1층, 지상1층, 지상2층 ","제주특별자치도 서귀포시 남원읍 위미항구로 8, 지하1층,지상1,2층",35,3.6,69,0,0.0,서귀포시,남원
칠돈가표선직영,일식,영업,제주특별자치도 서귀포시 표선면 표선리 44-3번지 ,제주특별자치도 서귀포시 표선면 표선당포로 13-1,358,3.6,48,0,0.0,서귀포시,표선
신평국수집,분식,영업,제주특별자치도 서귀포시 대정읍 신평리 451-2번지 ,제주특별자치도 서귀포시 대정읍 중산간서로 2634,31,3.7,23,0,0.0,서귀포시,대정
마라도이모네식당,한식,영업,제주특별자치도 서귀포시 대정읍 가파리 731번지 ,제주특별자치도 서귀포시 대정읍 마라로 83,31,3.7,23,0,0.0,서귀포시,대정
인정궁물떡볶이,한식,영업,제주특별자치도 서귀포시 안덕면 사계리 226 몬트마레 지1층 1103호,"제주특별자치도 서귀포시 안덕면 사계북로 192, 몬트마레 지1층 103호",63,4.5,55,0,0.0,서귀포시,안덕
S-Teppanyaki jeju(에스데판야키),일식,영업,제주특별자치도 서귀포시 호근동 1241-9 1층 ,"제주특별자치도 서귀포시 호근서호로62번길 40, 1층 (호근동)",63,4.5,55,0,0.0,서귀포시,서귀포
함덕커피숍,카페,영업,제주특별자치도 제주시 조천읍 함덕리 3085번지 ,"제주특별자치도 제주시 조천읍 신북로 476, 1층",261,3.9,96,0,0.0,제주시,조천
동백,카페,영업,제주특별자치도 제주시 조천읍 선흘리 922번지 ,"제주특별자치도 제주시 조천읍 동백로 68, 1층",68,4.4,17,0,0.0,제주시,조천
초,카페,영업,제주특별자치도 제주시 애월읍 금성리 554-1번지 ,"제주특별자치도 제주시 애월읍 금성3길 21, 1층",52,3.7,13,0,0.0,제주시,애월
삼일삼오,카페,영업,제주특별자치도 제주시 구좌읍 하도리 3135번지 ,"제주특별자치도 제주시 구좌읍 해맞이해안로 1542-4, 1층",53,4.1,8,0,0.0,제주시,구좌
꽃향유,카페,영업,"제주특별자치도 제주시 애월읍 고하상로 101, 1층","제주특별자치도 제주시 애월읍 고하상로 101, 1층",123,4.4,22,0,0.0,제주시,애월
투썸플레이스제주애월한담,카페,영업,제주특별자치도 제주시 애월읍 애월리 2489번지 ,"제주특별자치도 제주시 애월읍 애월로1길 19, 지하1~2층",57,3.9,46,0,0.0,제주시,애월
메이즈,카페,영업,제주특별자치도 제주시 구좌읍 평대리 3322번지 메이즈랜드 제1호(2층) ,제주특별자치도 제주시 구좌읍 비자림로 2134-47 (메이즈랜드 제1호(2층)),104,3.9,61,0,0.0,제주시,구좌
위더스트래블,카페,영업,제주특별자치도 제주시 아라일동 6113-16번지 ,"제주특별자치도 제주시 인다9길 29, 1층 (아라일동)",44,3.6,18,0,0.0,제주시,제주
스타벅스커피제주용담DT,카페,영업,제주특별자치도 제주시 용담삼동 2572-4 외1필지(2576-4) ,"제주특별자치도 제주시 서해안로 380, 1층 (용담삼동)",333,3.7,85,0,0.0,제주시,제주
스타벅스제주함덕,카페,영업,제주특별자치도 제주시 조천읍 함덕리 1004-27번지 ,"제주특별자치도 제주시 조천읍 조함해안로 522, 1~2층",261,3.9,96,0,0.0,제주시,조천
픽스커피,카페,영업,제주특별자치도 제주시 아라이동 3009-1번지 ,"제주특별자치도 제주시 신설로11길 2, 1층 (아라이동)",40,4.1,36,0,0.0,제주시,제주
도도톳김밥,카페,영업,제주특별자치도 제주시 구좌읍 세화리 1477-15 ,제주특별자치도 제주시 구좌읍 해맞이해안로 1460,68,4.1,60,0,0.0,제주시,구좌
카페도두,카페,영업,제주특별자치도 제주시 도두이동 705번지 ,"제주특별자치도 제주시 서해안로 342, 1층 (도두이동)",32,4.3,25,0,0.0,제주시,제주
에이바우트커피함덕해수욕장,카페,영업,제주특별자치도 제주시 조천읍 함덕리 1004-28 ,"제주특별자치도 제주시 조천읍 조함해안로 526, 1~2층",50,4.2,36,0,0.0,제주시,조천
섬,카페,영업,제주특별자치도 제주시 한림읍 협재리 2976 ,"제주특별자치도 제주시 한림읍 비양도길 32-5, 1층",52,4.1,35,0,0.0,제주시,한림
플로리아,카페,영업,제주특별자치도 제주시 한림읍 협재리 1825-1 ,"제주특별자치도 제주시 한림읍 협재8길 22, 1층",63,4.0,1,0,0.0,제주시,한림
무우수커피로스터스,카페,영업,제주특별자치도 제주시 조천읍 조천리 2361 ,제주특별자치도 제주시 조천읍 조천11길 22-2,48,4.8,26,0,0.0,제주시,조천
에이바우트커피뷰하귀포구,카페,영업,제주특별자치도 제주시 애월읍 하귀1리 1624-2 ,"제주특별자치도 제주시 애월읍 하귀12길 21-2, 1~3층",52,4.3,63,0,0.0,제주시,애월
더앨리제주애월,카페,영업,제주특별자치도 제주시 애월읍 구엄리 555-6 ,"제주특별자치도 제주시 애월읍 애월해안로 728, 1~2층",80,4.6,34,0,0.0,제주시,애월
공설,카페,영업,제주특별자치도 제주시 삼도일동 562-8 ,"제주특별자치도 제주시 공설로 15, 1층 (삼도일동)",42,4.7,19,0,0.0,제주시,제주
스타벅스제주서해안로디티,카페,영업,제주특별자치도 제주시 용담삼동 1020-1 ,"제주특별자치도 제주시 서해안로 624, 1,2층 (용담삼동)",174,4.1,53,0,0.0,제주시,제주
더카페,카페,영업,제주특별자치도 제주시 조천읍 조천리 686-1 ,"제주특별자치도 제주시 조천읍 조천18길 50-7, 1층",172,4.0,58,0,0.0,제주시,조천
취다선,카페,영업,"제주특별자치도 서귀포시 성산읍 오조리 398-10번지 , 지하1층 ","제주특별자치도 서귀포시 성산읍 해맞이해안로 2688, 지하1층",93,4.9,44,0,0.0,서귀포시,성산
스타벅스커피 제주송악산,카페,영업,"제주특별자치도 서귀포시 대정읍 상모리 133번지 1,2층 ","제주특별자치도 서귀포시 대정읍 형제해안로 322 (1,2층)",83,3.5,36,0,0.0,서귀포시,대정
테라로사 서귀포지,카페,영업,제주특별자치도 서귀포시 하효동 1306-1 ,제주특별자치도 서귀포시 칠십리로658번길 27-16 (하효동),390,4.1,144,0,0.0,서귀포시,서귀포
제주아이까페,카페,영업,제주특별자치도 서귀포시 성산읍 성산리 296-10번지 3동 ,"제주특별자치도 서귀포시 성산읍 일출로288번길 8, 3동",41,3.7,3,0,0.0,서귀포시,성산
한국맥도날드(유)제주월드컵스타디움DT,패스트푸드,영업,제주특별자치도 서귀포시 강정동 231-1번지 ,"제주특별자치도 서귀포시 일주서로 7, 1,2층 (강정동)",33,4.8,6,0,0.0,서귀포시,중문
치치퐁,카페,영업,제주특별자치도 서귀포시 안덕면 사계리 171-4번지 ,제주특별자치도 서귀포시 안덕면 사계남로216번길 24-62,44,4.7,30,0,0.0,서귀포시,안덕
와랑와랑,카페,영업,제주특별자치도 서귀포시 남원읍 위미리 875-1번지 ,제주특별자치도 서귀포시 남원읍 위미중앙로300번길 28,97,4.3,56,0,0.0,서귀포시,남원
이니스프리,카페,영업,제주특별자치도 서귀포시 안덕면 서광리 1235-1 ,제주특별자치도 서귀포시 안덕면 신화역사로 435,327,4.3,73,0,0.0,서귀포시,안덕
성읍랜드,카페,영업,제주특별자치도 서귀포시 표선면 성읍리 2045-1번지 ,제주특별자치도 서귀포시 표선면 번영로 2650,78,4.8,62,0,0.0,서귀포시,표선
목장카페드르쿰다,카페,영업,제주특별자치도 서귀포시 표선면 성읍리 2873번지 ,"제주특별자치도 서귀포시 표선면 번영로 2454, 1층",312,4.2,179,0,0.0,서귀포시,표선
스타벅스제주신화월드R,카페,영업,제주특별자치도 서귀포시 안덕면 서광리 산 24번지 지하1층 호텔동 ,"제주특별자치도 서귀포시 안덕면 신화역사로304번길 38, 호텔동 지하1층",68,3.9,23,0,0.0,서귀포시,안덕
아워홈 에스제이에이 카페그랑,카페,영업,제주특별자치도 서귀포시 대정읍 구억리 1159번지 1층 ,제주특별자치도 서귀포시 대정읍 글로벌에듀로304번길 10,55,3.9,22,0,0.0,서귀포시,대정
에코소랑꼬라지오꿈앤카페,카페,영업,제주특별자치도 서귀포시 서홍동 1153-6번지 ,제주특별자치도 서귀포시 일주동로 8777 (서홍동),46,4.9,35,0,0.0,서귀포시,서귀포
스타벅스커피성산일출봉,카페,영업,"제주특별자치도 서귀포시 성산읍 성산리 109-11번지 1,2층 ",제주특별자치도 서귀포시 성산읍 일출로 284-5,147,3.5,45,0,0.0,서귀포시,성산
수망일기,카페,영업,제주특별자치도 서귀포시 남원읍 수망리 360-5번지 1층 ,"제주특별자치도 서귀포시 남원읍 남조로 593-2, 1층",35,4.7,21,0,0.0,서귀포시,남원
오늘의바다,카페,영업,제주특별자치도 서귀포시 법환동 131 ,제주특별자치도 서귀포시 이어도로 990 (법환동),104,4.7,45,0,0.0,서귀포시,서귀포
제주그림카페,카페,영업,제주특별자치도 서귀포시 안덕면 서광리 산 39 제주항공우주박물관 3층 전망대동 ,"제주특별자치도 서귀포시 안덕면 녹차분재로 218, 제주항공우주박물관 전망대동 3층",92,4.4,19,0,0.0,서귀포시,안덕
당포로나인,카페,영업,제주특별자치도 서귀포시 표선면 표선리 43-1 1층 ,"제주특별자치도 서귀포시 표선면 표선당포로 9, 1층",75,4.5,84,0,0.0,서귀포시,표선
오늘은녹차,카페,영업,제주특별자치도 서귀포시 표선면 성읍리 2197 ,"제주특별자치도 서귀포시 표선면 중산간동로 4772, 2층",194,4.3,65,0,0.0,서귀포시,표선
orrrn(오알엔),카페,영업,제주특별자치도 서귀포시 성산읍 오조리 394 ,"제주특별자치도 서귀포시 성산읍 해맞이해안로 2714, 1,2층",215,4.1,60,0,0.0,서귀포시,성산
카페한라산아래첫마을,카페,영업,"제주특별자치도 서귀포시 안덕면 광평리 211번지 , 1층 A동 ","제주특별자치도 서귀포시 안덕면 산록남로 675, A동 1층",154,4.2,81,0,0.0,서귀포시,안덕
플라이오조,카페,영업,제주특별자치도 서귀포시 성산읍 오조리 792-1번지 ,제주특별자치도 서귀포시 성산읍 오조로85번길 44,41,4.3,22,0,0.0,서귀포시,성산
